County,FIPS,Age-Adjusted Incidence Rate,Lower 95% Confidence Interval,Upper 95% Confidence Interval,Average Annual Count,Recent Trend,Recent 5-Year Trend,Lower 95% Confidence Interval,Upper 95% Confidence Interval
"US (SEER+NPCR)(1,10)",0,62.4,62.3,62.6,214614,falling,-2.5,-3,-2
"Autauga County, Alabama(6,10)",1001,74.9,65.1,85.7,43,stable,0.5,-14.9,18.6
"Baldwin County, Alabama(6,10)",1003,66.9,62.4,71.7,170,stable,3,-10.2,18.3
"Barbour County, Alabama(6,10)",1005,74.6,61.8,89.4,25,stable,-6.4,-18.3,7.3
"Bibb County, Alabama(6,10)",1007,86.4,71,104.2,23,stable,-4.5,-31.4,32.9
"Blount County, Alabama(6,10)",1009,69.7,61.2,79,51,stable,-13.6,-27.8,3.4
"Bullock County, Alabama(6,10)",1011,65.8,47.3,89.6,9,stable,7.2,-27.6,58.7
"Butler County, Alabama(6,10)",1013,58.3,46.4,72.7,17,stable,2,-10.7,16.6
"Calhoun County, Alabama(6,10)",1015,84.2,77.5,91.3,120,stable,-3.8,-13.9,7.5
"Chambers County, Alabama(6,10)",1017,75.4,64.4,87.9,34,falling,-7.9,-8.5,-7.3
"Cherokee County, Alabama(6,10)",1019,82.4,69.8,96.9,32,stable,7.1,-13,31.7
"Chilton County, Alabama(6,10)",1021,73.9,63.7,85.4,39,stable,-0.2,-17.6,20.8
"Choctaw County, Alabama(6,10)",1023,49.2,36.3,66,10,stable,9.7,-31.4,75.3
"Clarke County, Alabama(6,10)",1025,69.5,57.3,83.7,23,stable,-1.3,-12.4,11.1
"Clay County, Alabama(6,10)",1027,83.3,65.8,104.5,16,stable,-13.8,-30.7,7.2
"Cleburne County, Alabama(6,10)",1029,74.9,58.1,95.4,14,stable,4.8,-20.1,37.4
"Coffee County, Alabama(6,10)",1031,71.5,62.3,81.9,43,stable,-7.2,-20,7.6
"Colbert County, Alabama(6,10)",1033,75.9,67.2,85.5,57,stable,-4.4,-15.6,8.3
"Conecuh County, Alabama(6,10)",1035,73.5,57.1,93.8,14,stable,-9.7,-41.4,39.2
"Coosa County, Alabama(6,10)",1037,82.6,63.9,106,14,stable,-11.5,-43.5,38.7
"Covington County, Alabama(6,10)",1039,83,72.3,95.1,44,stable,5.7,-11.2,25.9
"Crenshaw County, Alabama(6,10)",1041,61.5,46.3,80.6,11,stable,14.7,-21.8,68.4
"Cullman County, Alabama(6,10)",1043,69.6,62.6,77.3,73,stable,-2.2,-20.4,20.3
"Dale County, Alabama(6,10)",1045,76.7,66.7,87.7,44,stable,-3.2,-11.4,5.7
"Dallas County, Alabama(6,10)",1047,76.2,65.6,88,39,stable,7.4,-16.9,38.8
"DeKalb County, Alabama(6,10)",1049,60.8,53.5,68.9,51,stable,-2.1,-11.9,8.8
"Elmore County, Alabama(6,10)",1051,78.1,69.7,87.2,66,stable,-3.4,-13.9,8.4
"Escambia County, Alabama(6,10)",1053,75.5,64.8,87.6,36,stable,0,-21.5,27.2
"Etowah County, Alabama(6,10)",1055,81.9,75.1,89.1,110,stable,-0.1,-9.8,10.6
"Fayette County, Alabama(6,10)",1057,77.3,62.3,95.3,19,stable,-6.1,-36.5,38.8
"Franklin County, Alabama(6,10)",1059,72.4,60.7,85.8,28,stable,-3.2,-18.9,15.6
"Geneva County, Alabama(6,10)",1061,90.3,77.2,105.2,35,stable,-2.7,-16.1,12.8
"Greene County, Alabama(6,10)",1063,87.9,65,117,10,stable,10.2,-28.3,69.3
"Hale County, Alabama(6,10)",1065,71,55,90.6,14,stable,1.8,-25.5,39
"Henry County, Alabama(6,10)",1067,66.5,52.7,83.3,17,falling,-14.3,-24.3,-2.9
"Houston County, Alabama(6,10)",1069,70.8,64.2,77.8,88,stable,-2.3,-6.7,2.2
"Jackson County, Alabama(6,10)",1071,80.9,71.7,91.1,58,stable,-2.6,-14.7,11.3
"Jefferson County, Alabama(6,10)",1073,65.1,62.5,67.8,482,falling,-1.8,-3.3,-0.3
"Lamar County, Alabama(6,10)",1075,80.4,64,100.3,17,stable,4.1,-14.5,26.6
"Lauderdale County, Alabama(6,10)",1077,69.3,62.9,76.3,87,stable,-1.3,-8.2,6.1
"Lawrence County, Alabama(6,10)",1079,88.1,75.6,102.3,37,stable,-9,-28.3,15.3
"Lee County, Alabama(6,10)",1081,59.4,53.2,66.1,71,stable,0.3,-4.6,5.6
"Limestone County, Alabama(6,10)",1083,73.4,65.7,81.8,69,stable,-2.7,-11.3,6.6
"Lowndes County, Alabama(6,10)",1085,57.6,41.1,79,8,stable,-14.5,-42.7,27.6
"Macon County, Alabama(6,10)",1087,57.9,45.3,73.3,15,stable,-6.1,-37.2,40.5
"Madison County, Alabama(6,10)",1089,64.8,61.1,68.6,236,falling,-4.6,-7.2,-1.9
"Marengo County, Alabama(6,10)",1091,61.6,49.3,76.4,17,stable,0.1,-9,10.1
"Marion County, Alabama(6,10)",1093,74.2,63.1,86.9,33,stable,1.2,-12.5,17.1
"Marshall County, Alabama(6,10)",1095,79.4,72.1,87.2,90,stable,-5.3,-12.6,2.6
"Mobile County, Alabama(6,10)",1097,75.4,71.9,79.1,347,stable,-2.1,-6.5,2.4
"Monroe County, Alabama(6,10)",1099,62.3,50.2,76.7,19,stable,-8.5,-26.5,13.9
"Montgomery County, Alabama(6,10)",1101,61,56.5,65.6,144,falling,-9.6,-15.1,-3.8
"Morgan County, Alabama(6,10)",1103,80.4,74,87.4,116,stable,-3.2,-12,6.4
"Perry County, Alabama(6,10)",1105,83.1,62.5,108.8,11,stable,-5,-20.5,13.6
"Pickens County, Alabama(6,10)",1107,65.6,52.8,81,18,stable,-13.2,-26.2,2
"Pike County, Alabama(6,10)",1109,61.8,50.5,74.9,22,stable,-11.9,-35.2,19.8
"Randolph County, Alabama(6,10)",1111,75.5,62.2,91,24,stable,-8.5,-27.8,16
"Russell County, Alabama(6,10)",1113,78.7,68.8,89.6,47,stable,-3.6,-15.4,9.7
"St. Clair County, Alabama(6,10)",1115,74.7,67.1,83.1,72,stable,-2.3,-6.9,2.5
"Shelby County, Alabama(6,10)",1117,57.1,52.2,62.2,108,stable,-6.1,-15,3.8
"Sumter County, Alabama(6,10)",1119,55.5,40.5,74.7,9,stable,-2.3,-30.3,37.1
"Talladega County, Alabama(6,10)",1121,74,66.5,82.1,74,stable,2.5,-1.9,7.1
"Tallapoosa County, Alabama(6,10)",1123,70.5,61,81.3,41,stable,2,-12.1,18.3
"Tuscaloosa County, Alabama(6,10)",1125,72.3,66.9,78.1,135,stable,-4.1,-11.4,3.7
"Walker County, Alabama(6,10)",1127,98.3,89.2,108.1,89,stable,0.1,-9.9,11.2
"Washington County, Alabama(6,10)",1129,74.8,58.9,93.9,16,stable,-0.5,-23.4,29.2
"Wilcox County, Alabama(6,10)",1131,73.2,54.4,96.7,11,stable,-6.2,-24,15.8
"Winston County, Alabama(6,10)",1133,90.8,76.9,106.7,31,stable,-12.5,-23.7,0.4
"Anchorage Borough, Alaska(6,10)",2020,61.5,56.5,66.8,131,stable,-6.5,-12.8,0.3
"Bethel Census Area, Alaska(6,10)",2050,62.7,40.3,91.9,6,stable,-26.1,-50.8,11.1
"Fairbanks North Star, Alaska(6,10)",2090,58.1,49.1,68,36,stable,-8.4,-19.1,3.6
"Juneau Borough, Alaska(6,10)",2110,35.1,24.8,47.9,9,stable,3.5,-12.3,22.2
"Kenai Peninsula Borough, Alaska(6,10)",2122,64.9,55.4,75.4,39,stable,-12.8,-26.4,3.4
"Ketchikan Gateway Borough, Alaska(6,10)",2130,88.3,65.7,115.9,12,stable,-16.9,-32.5,2.3
"Kodiak Island Borough, Alaska(6,10)",2150,74.7,48.8,108.2,7,stable,-19.2,-36.4,2.7
"Matanuska-Susitna Borough, Alaska(6,10)",2170,69.7,60.6,79.7,51,stable,1.8,-9.7,14.7
"Nome Census Area, Alaska(6,10)",2180,103.6,68.4,148.9,6,stable,-15.3,-54.8,58.8
"North Slope Borough, Alaska(6,10)",2185,153.4,95.2,229.4,6,stable,0.2,-34.3,52.7
"Prince of Wales-Outer Ketchikan, Alaska(6,10)",2201,81.4,48.2,128.5,4,stable,-6.6,-36.7,37.8
"Sitka Borough, Alaska(6,10)",2220,44,26.6,68.5,4,stable,34.9,-6.6,94.7
"Southeast Fairbanks Census Area, Alaska(6,10)",2240,76.8,48.1,116,5,stable,4.4,-40.6,83.3
"Valdez-Cordova Census Area, Alaska(6,10)",2261,66.1,41.1,99.9,6,stable,-9.8,-32.9,21.3
"Wrangell-Petersburg Census Area, Alaska(6,10)",2280,78.8,51.9,115.6,6,stable,-17.3,-48.3,32.2
"Apache County, Arizona(6,10)",4001,22.9,18.1,28.5,16,rising,13.4,2.4,25.5
"Cochise County, Arizona(6,10)",4003,46.9,42.5,51.8,84,stable,0.9,-4.7,6.8
"Coconino County, Arizona(6,10)",4005,36.7,31.5,42.4,39,stable,-1.3,-26.6,32.9
"Gila County, Arizona(6,10)",4007,54.3,47.7,61.7,52,stable,-10.5,-24.4,6
"Graham County, Arizona(6,10)",4009,45.5,36,56.7,16,stable,-5.2,-31.1,30.2
"Greenlee County, Arizona(6,10)",4011,64,42.5,92.5,6,stable,-7.1,-31.5,26.1
"La Paz County, Arizona(6,10)",4012,54.4,44.1,67.2,25,stable,-5.7,-27.3,22.4
"Maricopa County, Arizona(6,10)",4013,52.2,51.2,53.2,2059,falling,-4,-5.5,-2.4
"Mohave County, Arizona(6,10)",4015,76.6,72.6,80.9,280,stable,-0.7,-12.7,13
"Navajo County, Arizona(6,10)",4017,39.6,34.5,45.2,46,stable,-1.1,-14.9,14.9
"Pima County, Arizona(6,10)",4019,50.9,49.1,52.7,628,stable,-1.8,-7.4,4.1
"Pinal County, Arizona(6,10)",4021,45.5,42.7,48.5,201,falling,-5.2,-9.5,-0.6
"Santa Cruz County, Arizona(6,10)",4023,36.1,29,44.4,19,stable,-16.4,-48,34.4
"Yavapai County, Arizona(6,10)",4025,51.9,48.6,55.3,203,stable,-3.7,-11.2,4.4
"Yuma County, Arizona(6,10)",4027,48,44.1,52.1,115,stable,-4.3,-17.5,10.9
"Arkansas County, Arkansas(6,10)",5001,85.9,70.1,104.4,21,stable,-6.8,-14.3,1.4
"Ashley County, Arkansas(6,10)",5003,77,63.3,92.9,23,stable,6.2,-10.4,25.8
"Baxter County, Arkansas(6,10)",5005,85.6,76.4,95.9,71,stable,-2.1,-11.8,8.7
"Benton County, Arkansas(6,10)",5007,56.4,52.1,60.9,129,stable,1.3,-4.2,7.2
"Boone County, Arkansas(6,10)",5009,67.7,58,78.8,35,stable,4.4,-11.7,23.4
"Bradley County, Arkansas(6,10)",5011,86.3,66.3,111,13,stable,6.5,-12.1,29
"Calhoun County, Arkansas(6,10)",5013,82.5,56.2,118.7,6,stable,11.9,-25.1,67.1
"Carroll County, Arkansas(6,10)",5015,59.1,48.9,71.1,25,stable,5.1,-5.8,17.2
"Chicot County, Arkansas(6,10)",5017,76.4,58.3,99,12,stable,-1.4,-40,62.1
"Clark County, Arkansas(6,10)",5019,71.6,57.8,87.8,19,stable,8,-18,42.3
"Clay County, Arkansas(6,10)",5021,108.7,90.6,129.9,26,stable,2.1,-10,15.9
"Cleburne County, Arkansas(6,10)",5023,83.6,72,97,38,stable,3,-14.5,24.1
"Cleveland County, Arkansas(6,10)",5025,77.5,56.6,104.5,9,stable,15.8,-24.9,78.4
"Columbia County, Arkansas(6,10)",5027,72,58.8,87.3,21,stable,8.8,-17,42.5
"Conway County, Arkansas(6,10)",5029,75,61.4,91.1,21,stable,-12.9,-29.1,7.1
"Craighead County, Arkansas(6,10)",5031,74.6,67.1,82.7,74,stable,4.4,-8.8,19.6
"Crawford County, Arkansas(6,10)",5033,79.1,70,89.1,56,stable,0.2,-8.5,9.7
"Crittenden County, Arkansas(6,10)",5035,75.6,64.9,87.5,37,stable,4.1,-3.7,12.5
"Cross County, Arkansas(6,10)",5037,77.5,62,95.9,18,stable,4.5,-25.2,45.9
"Dallas County, Arkansas(6,10)",5039,82.2,60.1,110.8,9,stable,-0.6,-45.5,81.3
"Desha County, Arkansas(6,10)",5041,79.2,61,101.5,13,stable,7.8,-14.7,36.2
"Drew County, Arkansas(6,10)",5043,77.3,61.8,95.6,17,falling,-18.2,-32.8,-0.4
"Faulkner County, Arkansas(6,10)",5045,75.9,68.4,84,78,stable,4.5,-4.9,14.8
"Franklin County, Arkansas(6,10)",5047,77.1,62.2,94.8,19,stable,-11.7,-38.4,26.4
"Fulton County, Arkansas(6,10)",5049,64.7,49.4,84.2,14,stable,-3.8,-25.9,24.8
"Garland County, Arkansas(6,10)",5051,80.6,74.2,87.6,121,stable,-0.8,-11.2,10.8
"Grant County, Arkansas(6,10)",5053,96.1,78.1,117.2,21,stable,-1.2,-27.9,35.2
"Greene County, Arkansas(6,10)",5055,89.2,77.8,101.9,45,stable,5,-4.5,15.5
"Hempstead County, Arkansas(6,10)",5057,60.6,48.4,75.2,17,stable,5.6,-14.8,30.8
"Hot Spring County, Arkansas(6,10)",5059,94.2,81.6,108.5,41,stable,-0.4,-9.5,9.5
"Howard County, Arkansas(6,10)",5061,96.2,76.2,120.1,16,stable,6.6,-14.4,32.8
"Independence County, Arkansas(6,10)",5063,82.3,70.9,95,38,stable,1.8,-23.1,34.7
"Izard County, Arkansas(6,10)",5065,55.9,43.1,72.2,13,stable,-0.3,-22.2,27.8
"Jackson County, Arkansas(6,10)",5067,104.4,86.5,125.2,24,stable,-4.8,-37.2,44.2
"Jefferson County, Arkansas(6,10)",5069,97.5,88.3,107.5,84,stable,-1,-20.1,22.6
"Johnson County, Arkansas(6,10)",5071,97.2,81.9,114.5,29,falling,-7.7,-10.9,-4.5
"Lafayette County, Arkansas(6,10)",5073,98.1,73.9,128.9,12,falling,-11.1,-17.2,-4.5
"Lawrence County, Arkansas(6,10)",5075,102.7,85.3,123.1,25,stable,6.4,-7.7,22.7
"Lee County, Arkansas(6,10)",5077,57,40.2,79.1,8,stable,-11,-29.6,12.6
"Lincoln County, Arkansas(6,10)",5079,63.4,46.7,84.4,10,stable,-15.4,-42.6,24.6
"Little River County, Arkansas(6,10)",5081,79.5,61.8,101.1,14,stable,0.5,-17.9,23
"Logan County, Arkansas(6,10)",5083,87,72.9,103.3,27,stable,6.2,-20.2,41.3
"Lonoke County, Arkansas(6,10)",5085,91.9,81.8,102.9,62,stable,2.2,-4.6,9.6
"Madison County, Arkansas(6,10)",5087,67.8,52.6,86.5,14,stable,4.4,-23.5,42.5
"Marion County, Arkansas(6,10)",5089,82.7,68.6,99.7,26,stable,2.6,-9.7,16.5
"Miller County, Arkansas(6,10)",5091,81.2,70.3,93.4,41,stable,-1.4,-24.7,29.3
"Mississippi County, Arkansas(6,10)",5093,73.6,63.2,85.3,36,stable,-0.7,-18.9,21.5
"Monroe County, Arkansas(6,10)",5095,89.5,67.3,118,11,stable,-2.6,-17.5,15.1
"Montgomery County, Arkansas(6,10)",5097,67.5,50.2,90.2,11,stable,18.8,-24.7,87.5
"Nevada County, Arkansas(6,10)",5099,69.2,50.2,94,9,stable,5.7,-4.1,16.6
"Newton County, Arkansas(6,10)",5101,63.9,46.1,88,9,stable,17.7,-21.7,77
"Ouachita County, Arkansas(6,10)",5103,84,71,99,30,stable,-4.3,-25.4,23
"Perry County, Arkansas(6,10)",5105,98.8,76.9,125.7,14,stable,3.3,-28.6,49.6
"Phillips County, Arkansas(6,10)",5107,88.1,72.4,106.3,23,stable,4.4,-5.1,14.8
"Pike County, Arkansas(6,10)",5109,87.8,67.5,112.7,13,stable,3.3,-16.3,27.4
"Poinsett County, Arkansas(6,10)",5111,114,97.9,132.3,36,stable,1.6,-11.1,16
"Polk County, Arkansas(6,10)",5113,67.1,54.9,81.6,22,stable,12.4,-16.6,51.6
"Pope County, Arkansas(6,10)",5115,86.3,76.7,96.9,59,stable,-6.9,-16.5,3.8
"Prairie County, Arkansas(6,10)",5117,89,67.3,116.7,12,stable,-9.6,-42.5,42.2
"Pulaski County, Arkansas(6,10)",5119,68,64.4,71.7,277,stable,-1.5,-8,5.4
"Randolph County, Arkansas(6,10)",5121,83.9,68.2,102.5,21,stable,4.3,-4.9,14.4
"St. Francis County, Arkansas(6,10)",5123,65.2,52.8,79.8,20,stable,-0.5,-16.1,17.9
"Saline County, Arkansas(6,10)",5125,73.9,67.4,80.8,100,stable,0,-4.3,4.4
"Scott County, Arkansas(6,10)",5127,91.5,71.5,116.1,15,stable,1.1,-15.5,20.9
"Searcy County, Arkansas(6,10)",5129,72.1,53.2,97.1,10,stable,9.4,-15.6,41.8
"Sebastian County, Arkansas(6,10)",5131,78.2,71.6,85.2,108,stable,0.3,-11.1,13.1
"Sevier County, Arkansas(6,10)",5133,70.4,53.9,90.5,12,stable,10,-20.3,51.8
"Sharp County, Arkansas(6,10)",5135,89.3,74,107.3,26,stable,-4.3,-33.5,37.6
"Stone County, Arkansas(6,10)",5137,66.5,51.1,85.8,14,stable,-1.9,-15.4,13.8
"Union County, Arkansas(6,10)",5139,89,77.8,101.5,46,stable,3.2,-0.5,7
"Van Buren County, Arkansas(6,10)",5141,65.1,52.4,80.6,19,stable,3.9,-10.6,20.8
"Washington County, Arkansas(6,10)",5143,67.1,61.8,72.8,119,stable,2.2,-8.1,13.8
"White County, Arkansas(6,10)",5145,91.2,82.5,100.7,81,stable,-0.5,-9.1,8.8
"Woodruff County, Arkansas(6,10)",5147,108.5,80.9,143.6,11,stable,6,-31,62.9
"Yell County, Arkansas(6,10)",5149,88.1,73,105.7,24,stable,8.7,-13.5,36.5
"Alameda County, California(7,8)",6001,46,44.5,47.6,687,falling,-2.2,-2.5,-1.8
"Amador County, California(7,9)",6005,58.7,50.5,68.1,38,stable,0,-9.8,10.8
"Butte County, California(7,9)",6007,61.4,57.3,65.8,169,stable,-4.4,-12.3,4.2
"Calaveras County, California(7,9)",6009,52.3,45.1,60.5,41,stable,-7.2,-27.5,18.7
"Colusa County, California(7,9)",6011,56,42.2,72.8,11,stable,-17.3,-43.3,20.7
"Contra Costa County, California(7,8)",6013,49.2,47.4,51.1,554,falling,-1.3,-1.6,-1
"Del Norte County, California(7,9)",6015,78.4,65.2,93.6,25,stable,-14.6,-39.3,20.2
"El Dorado County, California(7,9)",6017,50,45.9,54.3,116,stable,-3.7,-11,4.1
"Fresno County, California(7,9)",6019,50.8,48.6,53.1,411,stable,-1.8,-6.3,2.8
"Glenn County, California(7,9)",6021,61.2,49.5,74.9,19,stable,0.2,-14.4,17.3
"Humboldt County, California(7,9)",6023,56.4,51.1,62.2,86,stable,-2.5,-9.7,5.3
"Imperial County, California(7,9)",6025,44.3,39.8,49.3,69,stable,-3.1,-11.9,6.6
"Inyo County, California(7,9)",6027,45.7,35.2,58.8,13,stable,-15.5,-28.7,0.3
"Kern County, California(7,9)",6029,55.7,53.2,58.4,371,stable,-3.2,-6.8,0.5
"Kings County, California(7,9)",6031,48.8,43,55,54,stable,-3.7,-17.1,12
"Lake County, California(7,9)",6033,73.7,66,82.2,70,stable,3.3,-9.2,17.7
"Lassen County, California(7,9)",6035,60.9,48.9,75,19,stable,-9.2,-26.6,12.4
"Los Angeles County, California(7,9)",6037,39.9,39.3,40.5,3701,falling,-5.7,-7,-4.5
"Madera County, California(7,9)",6039,51.8,46.6,57.3,76,stable,-6.8,-19.1,7.4
"Marin County, California(7,8)",6041,41.6,38.5,44.8,145,falling,-1.6,-2.2,-1.1
"Mariposa County, California(7,9)",6043,54.6,43.2,68.8,17,stable,-10.2,-32.6,19.7
"Mendocino County, California(7,9)",6045,52.2,46.3,58.6,62,stable,-4,-10.7,3.2
"Merced County, California(7,9)",6047,56.9,52.3,61.7,120,falling,-7,-10.2,-3.7
"Modoc County, California(7,9)",6049,43.7,29.4,63.8,6,stable,-19.5,-41.4,10.6
"Monterey County, California(7,9)",6053,42.6,39.7,45.7,163,stable,-4.8,-12.2,3.1
"Napa County, California(7,9)",6055,53.3,48.5,58.6,92,falling,-9.8,-15.3,-4.1
"Nevada County, California(7,9)",6057,47.3,42.5,52.6,75,stable,-5.3,-18.3,9.8
"Orange County, California(7,9)",6059,44.1,43,45.2,1326,falling,-6.6,-10.3,-2.7
"Placer County, California(7,9)",6061,49.6,46.7,52.7,222,stable,-4.1,-14.8,7.8
"Plumas County, California(7,9)",6063,44.2,34.5,56.4,15,stable,-0.4,-23.8,30.1
"Riverside County, California(7,9)",6065,47.2,45.9,48.5,1031,stable,-3.4,-8.4,2
"Sacramento County, California(7,9)",6067,56.9,55.1,58.7,793,stable,-2.8,-6.2,0.8
"San Benito County, California(7,9)",6069,40.2,32.2,49.5,18,stable,-13.3,-26.7,2.5
"San Bernardino County, California(7,9)",6071,49.5,48,51.1,807,falling,-6.4,-9.7,-2.9
"San Diego County, California(7,9)",6073,49,47.9,50.1,1485,falling,-3.5,-5.4,-1.6
"San Francisco County, California(7,8)",6075,49,46.9,51,459,falling,-2.3,-2.6,-2
"San Joaquin County, California(7,9)",6077,56.8,54.1,59.6,353,stable,-5.9,-12.8,1.6
"San Luis Obispo County, California(7,9)",6079,46.9,43.6,50.3,161,stable,-3.2,-15.8,11.4
"San Mateo County, California(7,8)",6081,45.3,43.3,47.5,375,falling,-1.9,-2.2,-1.5
"Santa Barbara County, California(7,9)",6083,42.1,39.4,44.9,189,stable,-4,-10,2.4
"Santa Clara County, California(7,9)",6085,41.1,39.7,42.5,705,stable,-1,-4.8,2.9
"Santa Cruz County, California(7,9)",6087,37.6,34.2,41.2,99,stable,-1.3,-23.1,26.6
"Shasta County, California(7,9)",6089,62.5,58.1,67.2,154,stable,-4.5,-12.9,4.8
"Siskiyou County, California(7,9)",6093,60.5,52.5,69.6,44,stable,-5.7,-14.3,3.8
"Solano County, California(7,9)",6095,58.1,54.8,61.6,246,stable,-3.2,-8.1,1.9
"Sonoma County, California(7,9)",6097,49.5,46.9,52.2,288,falling,-7,-9.1,-4.8
"Stanislaus County, California(7,9)",6099,57.4,54.4,60.6,273,stable,-6.5,-12.9,0.3
"Sutter County, California(7,9)",6101,56.3,49.9,63.4,56,stable,-4.3,-11.9,4.1
"Tehama County, California(7,9)",6103,65.2,57.6,73.7,54,falling,-11.7,-21.6,-0.6
"Trinity County, California(7,9)",6105,66.6,51.3,85.7,15,stable,-17.4,-35.6,5.9
"Tulare County, California(7,9)",6107,47.9,44.8,51.3,174,falling,-11.2,-16.5,-5.5
"Tuolumne County, California(7,9)",6109,58,51,65.7,52,stable,-8.5,-22.8,8.3
"Ventura County, California(7,9)",6111,41.5,39.5,43.6,344,falling,-3.6,-5.3,-1.8
"Yolo County, California(7,9)",6113,42.3,38,47,74,stable,-1.5,-16.1,15.6
"Yuba County, California(7,9)",6115,68.1,59.2,77.8,44,stable,-8.1,-25.2,13.1
"Adams County, Colorado(6,10)",8001,52.6,49.1,56.2,182,stable,-1.5,-15,14.1
"Alamosa County, Colorado(6,10)",8003,47.9,33.3,66.7,7,stable,-2.4,-35.1,46.7
"Arapahoe County, Colorado(6,10)",8005,47.5,44.9,50.3,253,stable,-6,-12,0.5
"Archuleta County, Colorado(6,10)",8007,31.7,20.8,47.5,6,falling,-22,-37.2,-3.3
"Baca County, Colorado(6,10)",8009,78.2,48,123.4,5,stable,-4.9,-39.6,49.9
"Bent County, Colorado(6,10)",8011,44,25.8,71.5,4,stable,21.1,-26.9,100.5
"Boulder County, Colorado(6,10)",8013,35.5,32.3,39,94,stable,-2.6,-8.8,4.1
"Broomfield County, Colorado(6,10)",8014,48.4,39.9,58.1,23,stable,-6.2,-29.8,25.3
"Chaffee County, Colorado(6,10)",8015,36.9,27.5,49.3,11,stable,-7.7,-34.4,30
"Conejos County, Colorado(6,10)",8021,34.7,20.8,55.3,4,stable,-13.5,-41.9,28.5
"Custer County, Colorado(6,10)",8027,59.5,34.8,100.8,4,stable,14.1,-37.4,107.7
"Delta County, Colorado(6,10)",8029,46.3,38.1,56,23,falling,-13.6,-21.5,-5
"Denver County, Colorado(6,10)",8031,48.5,45.8,51.2,264,stable,-1.7,-7.4,4.4
"Douglas County, Colorado(6,10)",8035,37.1,33.2,41.4,75,stable,-0.6,-6.7,5.9
"Eagle County, Colorado(6,10)",8037,28.3,19.1,40,9,stable,-3.7,-28.7,30
"Elbert County, Colorado(6,10)",8039,47.5,34,64.5,10,stable,-16.2,-32.2,3.5
"El Paso County, Colorado(6,10)",8041,50.3,47.7,53.1,282,falling,-3.2,-5.2,-1.2
"Fremont County, Colorado(6,10)",8043,56.4,48.6,65.3,38,stable,-1,-23,27.4
"Garfield County, Colorado(6,10)",8045,43.2,34.6,53.1,19,stable,-6.2,-12.6,0.7
"La Plata County, Colorado(6,10)",8067,34.4,27.5,42.5,19,stable,-7.1,-22.3,11.1
"Larimer County, Colorado(6,10)",8069,39.7,36.6,43.1,124,stable,3.3,-4.1,11.3
"Las Animas County, Colorado(6,10)",8071,46.9,34.8,62.4,10,stable,-16.7,-33.4,4.3
"Lincoln County, Colorado(6,10)",8073,53.5,31.6,85.8,4,stable,6.2,-19.6,40.3
"Logan County, Colorado(6,10)",8075,36.4,27,48.2,10,stable,9,-26.2,60.8
"Mesa County, Colorado(6,10)",8077,56.1,51.3,61.3,102,stable,-6.7,-17.7,5.8
"Moffat County, Colorado(6,10)",8081,40,26,58.8,6,stable,-10.3,-41,36.5
"Montezuma County, Colorado(6,10)",8083,40.2,31.5,50.8,15,stable,-12.4,-28.1,6.7
"Montrose County, Colorado(6,10)",8085,49.6,41.6,58.7,28,stable,-1.1,-12.7,12
"Morgan County, Colorado(6,10)",8087,49.5,39.1,61.8,16,stable,-1.7,-49.6,91.9
"Otero County, Colorado(6,10)",8089,40.5,30.3,53.5,11,stable,-26,-51.1,12.1
"Park County, Colorado(6,10)",8093,35.8,23.5,52.8,8,falling,-30.6,-47.5,-8.4
"Phillips County, Colorado(6,10)",8095,53,32,85.6,4,stable,-7.2,-32.8,28
"Pitkin County, Colorado(6,10)",8097,24.1,14.3,38.1,4,rising,25.9,19.4,32.7
"Prowers County, Colorado(6,10)",8099,67.3,49.4,89.8,10,stable,-0.6,-13.9,14.8
"Pueblo County, Colorado(6,10)",8101,49.8,45.5,54.5,99,stable,-2.1,-8.7,4.9
"Yuma County, Colorado(6,10)",8125,62.5,44.9,85.4,8,stable,-4.2,-32.5,36
"Fairfield County, Connecticut(7,8)",9001,54.9,52.9,57,571,falling,-1,-1.2,-0.8
"Hartford County, Connecticut(7,8)",9003,62,59.9,64.2,662,falling,-0.3,-0.6,-0.1
"Litchfield County, Connecticut(7,8)",9005,62.5,58.1,67.1,160,stable,0,-0.5,0.6
"Middlesex County, Connecticut(7,8)",9007,65.7,60.9,70.8,144,stable,-0.4,-0.9,0
"New Haven County, Connecticut(7,8)",9009,70.2,67.8,72.5,718,falling,-0.4,-0.6,-0.1
"New London County, Connecticut(7,8)",9011,68.7,64.7,72.9,224,stable,-0.5,-1.1,0.2
"Tolland County, Connecticut(7,8)",9013,62.7,57.1,68.6,98,stable,-0.6,-1.3,0.1
"Windham County, Connecticut(7,8)",9015,65,58.9,71.6,86,stable,-2.7,-5.5,0.1
"Kent County, Delaware(6,10)",10001,79.2,73.5,85.2,147,stable,0.8,-8.1,10.5
"New Castle County, Delaware(6,10)",10003,67.3,64.3,70.4,387,stable,-1.4,-6,3.5
"Sussex County, Delaware(6,10)",10005,74.2,69.9,78.7,239,stable,-1.8,-10.6,7.8
"District of Columbia(6,10)",11001,59,56.3,61.9,351,stable,-1.7,-6.3,3
"Alachua County, Florida(6,10)",12001,67.8,63.1,72.8,160,stable,-2.9,-9.7,4.5
"Baker County, Florida(6,10)",12003,99.5,83.1,118.2,27,stable,-4.9,-30.3,29.8
"Bay County, Florida(6,10)",12005,88.4,82.7,94.3,185,stable,-5,-10.6,1
"Bradford County, Florida(6,10)",12007,82.1,69,97.1,28,stable,-1.3,-19.8,21.5
"Brevard County, Florida(6,10)",12009,74.2,71.6,76.8,647,falling,-3.5,-6.1,-0.7
"Broward County, Florida(6,10)",12011,53.5,52.1,54.9,1129,falling,-6.3,-10,-2.4
"Calhoun County, Florida(6,10)",12013,78.2,61.3,98.7,15,stable,-12.5,-35.4,18.4
"Charlotte County, Florida(6,10)",12015,62.3,58.4,66.6,233,falling,-3.1,-6,-0.1
"Citrus County, Florida(6,10)",12017,79.7,74.9,84.8,244,stable,-2.5,-12.5,8.6
"Clay County, Florida(6,10)",12019,79.2,73.6,85,161,stable,-1.7,-6.7,3.5
"Collier County, Florida(6,10)",12021,43.3,40.9,45.9,268,falling,-8.5,-10.6,-6.3
"Columbia County, Florida(6,10)",12023,88.2,79.4,97.7,77,stable,-0.3,-18.6,22
"DeSoto County, Florida(6,10)",12027,57.7,48.4,68.5,28,stable,-5,-17.8,9.9
"Dixie County, Florida(6,10)",12029,100,83.2,119.8,26,stable,5,-16.8,32.4
"Duval County, Florida(6,10)",12031,78.1,75.4,80.8,685,stable,-3.1,-7.8,1.8
"Escambia County, Florida(6,10)",12033,78.4,74.3,82.7,281,stable,-3.5,-10.6,4.1
"Flagler County, Florida(6,10)",12035,67.7,62.2,73.7,120,stable,0,-10.6,11.7
"Franklin County, Florida(6,10)",12037,93.4,73.2,118.2,16,stable,-10,-39,32.8
"Gadsden County, Florida(6,10)",12039,66.4,57.1,76.9,38,stable,1.3,-20.4,28.8
"Gilchrist County, Florida(6,10)",12041,74.3,59.1,92.5,17,stable,-1.5,-22.7,25.5
"Glades County, Florida(6,10)",12043,54.9,41.8,71.7,13,stable,1.9,-12.6,18.9
"Gulf County, Florida(6,10)",12045,92.6,75.2,113.4,20,stable,-1.2,-22.4,25.9
"Hamilton County, Florida(6,10)",12047,67.8,51.2,88.3,12,stable,15.5,-14.4,55.7
"Hardee County, Florida(6,10)",12049,69,56.1,84,20,stable,1.3,-26.5,39.7
"Hendry County, Florida(6,10)",12051,65.2,54.1,77.9,25,stable,1.7,-2.3,5.9
"Hernando County, Florida(6,10)",12053,74.9,70.6,79.5,241,stable,-5.2,-12,2.1
"Highlands County, Florida(6,10)",12055,73.3,67.7,79.3,155,stable,0.4,-11.7,14.1
"Hillsborough County, Florida(6,10)",12057,69.7,67.6,71.8,895,falling,-2.8,-4.2,-1.3
"Holmes County, Florida(6,10)",12059,71.2,57.6,87.3,20,stable,5.2,-31,60.4
"Indian River County, Florida(6,10)",12061,67,62.4,71.9,180,stable,-2.6,-16.1,13
"Jackson County, Florida(6,10)",12063,48.4,41,56.8,31,stable,3.4,-17.8,30
"Jefferson County, Florida(6,10)",12065,42.5,30.6,58,9,stable,0.1,-27.5,38.3
"Lafayette County, Florida(6,10)",12067,97.3,70.7,130.8,9,stable,-6.3,-29.4,24.2
"Lake County, Florida(6,10)",12069,76,72.6,79.6,400,stable,0.2,-3.4,3.9
"Lee County, Florida(6,10)",12071,59.2,57.1,61.4,651,stable,-1.5,-8.3,5.9
"Leon County, Florida(6,10)",12073,54.8,50.5,59.3,130,stable,1.9,-7.1,11.8
"Levy County, Florida(6,10)",12075,103.5,92.5,115.7,67,stable,-6.5,-13.7,1.3
"Liberty County, Florida(6,10)",12077,73.3,49.2,105.2,6,stable,-13.9,-39.2,21.8
"Madison County, Florida(6,10)",12079,54.8,42.4,70,14,stable,10.1,-14.5,41.7
"Manatee County, Florida(6,10)",12081,59,56.1,62.1,328,stable,-2.5,-8.4,3.7
"Marion County, Florida(6,10)",12083,82,78.7,85.5,493,falling,-2,-2.8,-1.2
"Martin County, Florida(6,10)",12085,59.6,55.6,63.9,177,stable,-4.7,-12.3,3.6
"Miami-Dade County, Florida(6,10)",12086,44.4,43.3,45.4,1310,stable,-1.7,-7.5,4.4
"Monroe County, Florida(6,10)",12087,54.6,48.5,61.4,62,stable,0,-13.1,15.2
"Nassau County, Florida(6,10)",12089,81.2,73.4,89.7,83,stable,0.7,-6.2,8.2
"Okaloosa County, Florida(6,10)",12091,71.8,66.7,77.1,153,stable,-0.5,-5,4.2
"Okeechobee County, Florida(6,10)",12093,93.3,81.7,106.1,48,stable,4.7,-6.5,17.3
"Orange County, Florida(6,10)",12095,57.6,55.5,59.8,588,stable,-4.5,-8.8,0
"Osceola County, Florida(6,10)",12097,54.7,50.7,58.9,147,stable,1.9,-7,11.6
"Palm Beach County, Florida(6,10)",12099,54.1,52.7,55.6,1183,stable,-3.7,-7.5,0.2
"Pasco County, Florida(6,10)",12101,75.9,73,78.8,552,stable,-1.1,-7.2,5.5
"Pinellas County, Florida(6,10)",12103,68.9,67,70.8,1032,stable,-1.6,-5.3,2.2
"Polk County, Florida(6,10)",12105,74.4,71.8,77,631,falling,-5.3,-7.1,-3.4
"Putnam County, Florida(6,10)",12107,97.2,88.9,106.2,106,stable,-1,-14.1,14.1
"St. Johns County, Florida(6,10)",12109,65.2,60.8,69.9,166,stable,-1.8,-7.8,4.7
"St. Lucie County, Florida(6,10)",12111,64.5,61.1,68.1,277,stable,-2.2,-6.2,1.9
"Santa Rosa County, Florida(6,10)",12113,74.9,69.1,81.1,130,stable,1.7,-4.5,8.4
"Sarasota County, Florida(6,10)",12115,57.6,55.2,60.2,479,stable,-2.9,-6.8,1.1
"Seminole County, Florida(6,10)",12117,54.2,51.1,57.3,246,falling,-4.8,-7.5,-2
"Sumter County, Florida(6,10)",12119,65.3,60,71.2,180,falling,-7.4,-10.3,-4.3
"Suwannee County, Florida(6,10)",12121,87.2,76.8,98.8,53,stable,-3.5,-14.1,8.5
"Taylor County, Florida(6,10)",12123,84.4,70,101,25,stable,-2.7,-9.3,4.4
"Union County, Florida(6,10)",12125,203.7,172.4,239.1,35,stable,1.4,-10.3,14.6
"Volusia County, Florida(6,10)",12127,70.8,68.2,73.6,568,stable,0.4,-3.1,4
"Wakulla County, Florida(6,10)",12129,95.9,80.8,113,31,stable,-2.6,-6.4,1.4
"Walton County, Florida(6,10)",12131,74.3,65.8,83.8,57,stable,-7.6,-19.1,5.5
"Washington County, Florida(6,10)",12133,74.7,61.5,90.1,23,stable,2,-18.1,27.1
"Appling County, Georgia(7,9)",13001,74.4,58.4,93.6,15,stable,5.9,-3.4,16.1
"Atkinson County, Georgia(7,9)",13003,59.4,38.3,88.2,5,stable,15,-24.4,74.9
"Bacon County, Georgia(7,9)",13005,87.5,65.8,114.2,11,stable,23.9,-5.2,61.9
"Baldwin County, Georgia(7,9)",13009,73.5,63,85.3,36,stable,3,-7.6,14.9
"Banks County, Georgia(7,9)",13011,65.2,49.9,83.8,13,stable,-2.1,-39.8,59.3
"Barrow County, Georgia(7,9)",13013,89.6,79,101.1,55,stable,1.9,-14.8,21.9
"Bartow County, Georgia(7,9)",13015,91.3,82.9,100.4,91,stable,-5.3,-15.4,6
"Ben Hill County, Georgia(7,9)",13017,84,67.3,103.8,18,stable,9.1,-13.6,37.7
"Berrien County, Georgia(7,9)",13019,78.2,62.5,96.8,18,stable,-11.1,-22.7,2.3
"Bibb County, Georgia(7,9)",13021,79.4,73.4,85.7,134,stable,5.1,-1.4,12.1
"Bleckley County, Georgia(7,9)",13023,72.3,54.5,94.4,11,stable,-1,-17.9,19.5
"Brantley County, Georgia(7,9)",13025,87.8,70.2,108.6,18,stable,-0.5,-34.6,51.4
"Brooks County, Georgia(7,9)",13027,76.9,60.9,96.3,16,stable,11.6,-6.9,33.8
"Bryan County, Georgia(7,9)",13029,84.3,68.6,102.3,22,stable,7.2,-20.7,45
"Bulloch County, Georgia(7,9)",13031,78.6,68.4,89.9,44,stable,-0.2,-19.5,23.7
"Burke County, Georgia(7,9)",13033,85.9,69.8,104.6,21,stable,-4.8,-32.1,33.6
"Butts County, Georgia(7,9)",13035,95.7,79.4,114.4,25,stable,1.7,-21.8,32.2
"Calhoun County, Georgia(7,9)",13037,63.4,39.1,97.4,4,stable,-1.7,-35,48.9
"Camden County, Georgia(7,9)",13039,67.4,56.3,80.1,29,stable,9.2,-3.3,23.3
"Candler County, Georgia(7,9)",13043,82.9,62.3,108.5,11,stable,-4.5,-15.4,7.8
"Carroll County, Georgia(7,9)",13045,83.9,76.1,92.3,88,stable,-0.4,-5.9,5.4
"Catoosa County, Georgia(7,9)",13047,65.6,57.6,74.5,50,stable,-1.2,-20.4,22.6
"Charlton County, Georgia(7,9)",13049,60,43.4,81.1,9,stable,-3.1,-20.3,17.7
"Chatham County, Georgia(7,9)",13051,65.2,61,69.6,183,stable,-1,-11.5,10.7
"Chattooga County, Georgia(7,9)",13055,101.5,86,119,31,stable,0,-10.3,11.5
"Cherokee County, Georgia(7,9)",13057,73.2,67.5,79.3,135,stable,-3.9,-14.2,7.8
"Clarke County, Georgia(7,9)",13059,61.8,54.4,69.8,52,stable,1.3,-21.9,31.2
"Clayton County, Georgia(7,8)",13063,65.1,59.5,71,115,falling,-1.2,-1.7,-0.7
"Clinch County, Georgia(7,9)",13065,86.9,59.2,123.5,7,stable,-10,-40.1,35.5
"Cobb County, Georgia(7,8)",13067,60.3,57.3,63.3,341,falling,-1.4,-1.9,-0.9
"Coffee County, Georgia(7,9)",13069,79.5,67.8,92.7,34,stable,-5.9,-20.4,11.3
"Colquitt County, Georgia(7,9)",13071,89.5,77.9,102.3,44,stable,-6.3,-21.7,12.2
"Columbia County, Georgia(7,9)",13073,61.4,55.1,68.3,73,stable,-2.8,-13.3,8.9
"Cook County, Georgia(7,9)",13075,90,71.8,111.5,17,stable,0.9,-10.6,13.8
"Coweta County, Georgia(7,9)",13077,65,58.5,72.1,78,stable,-5.3,-11,0.7
"Crawford County, Georgia(7,9)",13079,100.7,78.7,127.3,16,stable,-3.8,-26.1,25.2
"Crisp County, Georgia(7,9)",13081,72.3,58.8,88.2,21,stable,-1.4,-22.9,26
"Dade County, Georgia(7,9)",13083,79.7,63.2,99.4,17,stable,-6,-33.2,32.3
"Dawson County, Georgia(7,9)",13085,74.1,59.8,91.1,21,stable,17.8,-8,50.8
"Decatur County, Georgia(7,9)",13087,70.4,58,84.8,23,stable,-6.8,-15.5,2.7
"DeKalb County, Georgia(7,8)",13089,53.2,50.5,56,311,falling,-1.5,-1.9,-1
"Dodge County, Georgia(7,9)",13091,81.3,66.1,99.2,20,stable,-5.6,-25.1,18.9
"Dooly County, Georgia(7,9)",13093,58.6,43.1,78,10,stable,1.8,-22.3,33.5
"Dougherty County, Georgia(7,9)",13095,73.4,65.9,81.5,72,stable,1.5,-17.3,24.5
"Douglas County, Georgia(7,9)",13097,81.1,73.3,89.4,90,stable,-4.5,-18.4,11.8
"Early County, Georgia(7,9)",13099,61.5,44.3,83.7,9,stable,0.1,-31.5,46.3
"Effingham County, Georgia(7,9)",13103,85.2,73.4,98.3,41,stable,5.2,-10.1,23
"Elbert County, Georgia(7,9)",13105,73.4,59.7,89.7,20,stable,-5.4,-32.3,32.3
"Emanuel County, Georgia(7,9)",13107,67.6,54.2,83.4,18,stable,14.9,-15.6,56.5
"Evans County, Georgia(7,9)",13109,68.8,49.6,93.1,9,stable,-10.4,-38.8,31.3
"Fannin County, Georgia(7,9)",13111,73.2,61.3,87.2,29,stable,2.5,-16.4,25.7
"Fayette County, Georgia(7,9)",13113,47.4,41.9,53.5,57,stable,-4.2,-14.6,7.4
"Floyd County, Georgia(7,9)",13115,81.1,73.8,89,92,stable,-6.6,-16,3.9
"Forsyth County, Georgia(7,9)",13117,60.6,54.9,66.7,90,stable,-3.8,-9.3,2.1
"Franklin County, Georgia(7,9)",13119,81.4,67.6,97.6,25,stable,2,-17.1,25.4
"Fulton County, Georgia(7,8)",13121,54.5,52.2,57,431,falling,-1.4,-1.8,-1.1
"Gilmer County, Georgia(7,9)",13123,76.1,64.3,89.7,32,stable,2.9,-14.6,24
"Glynn County, Georgia(7,9)",13127,71.9,64.6,79.9,73,stable,-5.9,-15.3,4.6
"Gordon County, Georgia(7,9)",13129,94.7,83.6,106.9,55,stable,-5.3,-14,4.3
"Grady County, Georgia(7,9)",13131,74,60.8,89.4,23,stable,-2,-11.6,8.5
"Gwinnett County, Georgia(7,8)",13135,51.8,48.9,54.7,288,falling,-1.6,-2.1,-1
"Habersham County, Georgia(7,9)",13137,64.4,55.1,74.8,35,stable,8.3,-11.4,32.5
"Hall County, Georgia(7,9)",13139,61.2,56.1,66.7,108,stable,-0.5,-10.4,10.4
"Haralson County, Georgia(7,9)",13143,94.4,80.3,110.4,33,falling,-13.3,-22.2,-3.4
"Harris County, Georgia(7,9)",13145,62,51.1,74.7,24,stable,-2.2,-31.7,40
"Hart County, Georgia(7,9)",13147,69,57.4,82.6,25,stable,2,-22.1,33.5
"Heard County, Georgia(7,9)",13149,104.6,81.4,132.6,15,stable,1.6,-15.3,22
"Henry County, Georgia(7,9)",13151,60.3,54.9,66.1,102,stable,-4,-14.5,7.9
"Houston County, Georgia(7,9)",13153,73.2,66.7,80.2,96,stable,-5.2,-13.1,3.5
"Irwin County, Georgia(7,9)",13155,83.4,62.1,110.2,10,stable,-7.9,-45.3,54.9
"Jackson County, Georgia(7,9)",13157,78.4,68.7,89.1,50,stable,-0.1,-13,14.8
"Jenkins County, Georgia(7,9)",13165,68.6,47.7,96.1,7,stable,0.6,-23.9,33
"Johnson County, Georgia(7,9)",13167,65.4,46.2,90.5,8,stable,5,-11.2,24.1
"Jones County, Georgia(7,9)",13169,79.9,66.6,95.2,27,stable,-7.5,-36.2,34.3
"Lamar County, Georgia(7,9)",13171,86.5,69.3,106.8,18,stable,-7.5,-24.9,14
"Lanier County, Georgia(7,9)",13173,77.2,54.6,106,8,stable,-7.3,-36.6,35.5
"Laurens County, Georgia(7,9)",13175,69.5,60.3,79.9,41,stable,11.1,-2.4,26.5
"Lee County, Georgia(7,9)",13177,83.2,66.5,102.6,19,stable,-12.9,-29.2,7.2
"Liberty County, Georgia(7,9)",13179,76.8,64,91.1,30,stable,15.3,-5,39.9
"Lincoln County, Georgia(7,9)",13181,65.3,45.3,92.2,7,stable,27.9,-4.3,70.8
"Long County, Georgia(7,9)",13183,88.9,64.7,118.7,10,stable,11.1,-24.9,64.2
"Lowndes County, Georgia(7,9)",13185,65.3,58.1,73.1,62,stable,-1.6,-15.1,14.1
"Lumpkin County, Georgia(7,9)",13187,72.3,59.6,87.1,24,stable,2.4,-35.3,62
"McDuffie County, Georgia(7,9)",13189,69.5,55.5,86,18,stable,-3.9,-22.5,19.2
"McIntosh County, Georgia(7,9)",13191,55,40.9,72.8,11,stable,0.5,-7.1,8.8
"Macon County, Georgia(7,9)",13193,69,51.6,90.5,11,stable,-4.9,-27.5,24.6
"Madison County, Georgia(7,9)",13195,90.4,76.3,106.6,31,stable,-2.9,-11.2,6.1
"Marion County, Georgia(7,9)",13197,64.6,43.5,92.8,7,falling,-20.2,-35.7,-1.1
"Meriwether County, Georgia(7,9)",13199,66.8,53.8,82.2,19,stable,-19.3,-37.2,3.7
"Miller County, Georgia(7,9)",13201,89.1,62.8,124.1,8,stable,-7.7,-28.8,19.5
"Mitchell County, Georgia(7,9)",13205,85.1,70,102.7,23,stable,-11.4,-30.7,13.3
"Monroe County, Georgia(7,9)",13207,72.7,59.9,87.6,24,stable,5.6,-24.4,47.4
"Montgomery County, Georgia(7,9)",13209,71.7,49.2,101,7,stable,-23.1,-54.5,29.8
"Murray County, Georgia(7,9)",13213,103.1,89.1,118.7,42,stable,-10.1,-25.6,8.6
"Muscogee County, Georgia(7,9)",13215,70.3,65,75.9,134,stable,-3.9,-13.8,7.1
"Newton County, Georgia(7,9)",13217,78.9,70.6,87.9,69,stable,-1.7,-17.1,16.5
"Oconee County, Georgia(7,9)",13219,46.8,36.6,59.1,15,stable,13.1,-12.7,46.5
"Oglethorpe County, Georgia(7,9)",13221,75.4,58.2,96.4,14,stable,-3.5,-18.4,14.3
"Paulding County, Georgia(7,9)",13223,77.7,70,86.1,83,stable,-3.4,-18.9,15.2
"Peach County, Georgia(7,9)",13225,77.9,63.7,94.3,22,stable,8.5,-17.3,42.2
"Pickens County, Georgia(7,9)",13227,82.3,69.9,96.4,34,stable,-2.9,-17.7,14.6
"Pierce County, Georgia(7,9)",13229,80.1,64,99.3,18,stable,-11.9,-36.8,22.8
"Pike County, Georgia(7,9)",13231,75.6,59,95.6,15,stable,13.4,-17.8,56.4
"Polk County, Georgia(7,9)",13233,102,89.3,115.9,48,stable,-5.1,-22.8,16.7
"Pulaski County, Georgia(7,9)",13235,50.6,36,69.9,8,stable,-5.6,-30.5,28.3
"Quitman County, Georgia(7,9)",13239,110.8,69.5,174,5,stable,-18.3,-45.2,21.9
"Rabun County, Georgia(7,9)",13241,67.1,53.4,83.8,18,stable,8.6,-20.8,48.8
"Randolph County, Georgia(7,9)",13243,56.6,37.8,82.6,6,stable,10,-13.4,39.8
"Richmond County, Georgia(7,9)",13245,72.7,67.4,78.2,148,falling,-7.7,-14.3,-0.6
"Rockdale County, Georgia(7,9)",13247,60.7,53.1,69.1,49,stable,-11.1,-21,0
"Schley County, Georgia(7,9)",13249,69.9,41.8,110.6,4,stable,19.6,-35.2,120.7
"Screven County, Georgia(7,9)",13251,79.1,61.6,100.4,15,stable,5.4,-6.6,19
"Seminole County, Georgia(7,9)",13253,66.4,48.6,89.8,9,stable,12.5,-9.5,39.9
"Spalding County, Georgia(7,9)",13255,74.3,65.6,83.8,55,stable,1.6,-18.7,27
"Stephens County, Georgia(7,9)",13257,76.8,64.2,91.5,27,stable,3.4,-14.6,25.2
"Stewart County, Georgia(7,9)",13259,65.5,40.7,100.7,4,stable,19.8,-34.1,117.9
"Sumter County, Georgia(7,9)",13261,63.1,51.8,76.3,22,stable,7.1,-18.9,41.4
"Talbot County, Georgia(7,9)",13263,73.2,50,104.9,7,stable,3,-44.9,92.4
"Tattnall County, Georgia(7,9)",13267,100.8,84,120,26,stable,-5.2,-30.4,29.1
"Taylor County, Georgia(7,9)",13269,54.2,36.5,78.2,6,stable,4.7,-36.9,73.7
"Telfair County, Georgia(7,9)",13271,55.1,41.4,72.1,11,stable,-4.7,-28.3,26.6
"Terrell County, Georgia(7,9)",13273,63,44.5,87.2,8,stable,3.7,-32.9,60.2
"Thomas County, Georgia(7,9)",13275,74.5,64.6,85.6,41,stable,-0.1,-21.1,26.6
"Tift County, Georgia(7,9)",13277,71.4,60.5,83.8,31,stable,4.1,-24.6,43.9
"Toombs County, Georgia(7,9)",13279,74,60.9,89.2,23,stable,-3.6,-31.5,35.5
"Towns County, Georgia(7,9)",13281,62.4,48.9,80.7,15,stable,4.4,-12.9,25.1
"Treutlen County, Georgia(7,9)",13283,78.5,53.1,112.2,6,stable,-16.2,-37.2,12
"Troup County, Georgia(7,9)",13285,71.1,62.6,80.5,52,stable,-6.6,-19.3,8.1
"Turner County, Georgia(7,9)",13287,80.4,57.9,109.2,9,stable,12.7,-12.2,44.8
"Twiggs County, Georgia(7,9)",13289,91.8,68.8,121.1,12,stable,6.1,-26.2,52.4
"Union County, Georgia(7,9)",13291,70.4,59,84.1,30,stable,-2,-25.4,28.8
"Upson County, Georgia(7,9)",13293,87.8,74.3,103.3,31,stable,-4.6,-18.8,12.1
"Walker County, Georgia(7,9)",13295,84.3,75.7,93.6,72,stable,1.4,-15.6,21.9
"Walton County, Georgia(7,9)",13297,67.9,60.3,76.2,61,stable,-2.3,-17.5,15.8
"Ware County, Georgia(7,9)",13299,70.6,59.9,82.7,32,stable,0.8,-13.5,17.5
"Wheeler County, Georgia(7,9)",13309,62.8,40.5,93.4,5,stable,1,-41,72.9
"White County, Georgia(7,9)",13311,69.8,58.2,83.2,27,stable,-4.2,-16.7,10.3
"Whitfield County, Georgia(7,9)",13313,77.6,70.1,85.8,79,stable,-1.6,-14.3,12.9
"Wilcox County, Georgia(7,9)",13315,64.9,44.7,91.5,7,stable,-1.6,-16.4,15.9
"Wilkes County, Georgia(7,9)",13317,66,48.6,88.4,10,stable,-3.7,-18.4,13.8
"Wilkinson County, Georgia(7,9)",13319,79.9,59.8,105.3,11,stable,4.3,-4.7,14.2
"Worth County, Georgia(7,9)",13321,70.8,56.9,87.3,19,stable,14.7,-9.6,45.5
"Hawaii County, Hawaii(7,9)",15001,44.9,41,49,107,stable,3.2,-6.2,13.5
"Honolulu County, Hawaii(7,9)",15003,48.3,46.5,50.2,550,stable,0.7,-5.5,7.4
"Kauai County, Hawaii(7,9)",15007,45.2,38.9,52.3,39,stable,-10.5,-21.2,1.7
"Maui County, Hawaii(7,9)",15009,43.2,39,47.8,80,stable,0.9,-7.2,9.7
"Ada County, Idaho(6,10)",16001,52.2,48.8,55.7,191,stable,-2,-11.6,8.6
"Adams County, Idaho(6,10)",16003,69.5,43.6,110.1,5,stable,15.7,-48.6,160.5
"Bannock County, Idaho(6,10)",16005,41,34.8,48,32,stable,2.4,-23.6,37.4
"Benewah County, Idaho(6,10)",16009,79,58.3,105.5,10,stable,-13.1,-44,34.7
"Bingham County, Idaho(6,10)",16011,38.7,31,47.8,18,stable,-10.2,-34.2,22.4
"Blaine County, Idaho(6,10)",16013,22.6,14,34.4,5,stable,-13.8,-44.2,33.3
"Boise County, Idaho(6,10)",16015,69.2,45.1,103.1,6,stable,-6.8,-52.1,81.3
"Bonner County, Idaho(6,10)",16017,54.3,45.9,64,32,stable,-0.4,-11.1,11.7
"Bonneville County, Idaho(6,10)",16019,35.7,30.5,41.6,35,stable,-4.7,-17.6,10.2
"Boundary County, Idaho(6,10)",16021,46.3,32.3,65.3,7,stable,3.3,-22.9,38.4
"Fremont County, Idaho(6,10)",16043,40.4,27.1,58.2,6,stable,6.4,-24.1,49.3
"Gem County, Idaho(6,10)",16045,67.1,53.6,83.6,17,stable,-12.9,-38.2,22.7
"Gooding County, Idaho(6,10)",16047,66.9,50.9,86.5,12,stable,9.3,-14.9,40.6
"Idaho County, Idaho(6,10)",16049,48.2,37.2,62.3,14,stable,11.1,-7.4,33.2
"Jefferson County, Idaho(6,10)",16051,33.9,23.6,46.8,7,stable,11.1,-14.4,44.2
"Jerome County, Idaho(6,10)",16053,48,35.6,63.3,10,stable,-8.3,-34,27.4
"Kootenai County, Idaho(6,10)",16055,56.6,51.6,62.1,96,stable,2.4,-1.7,6.7
"Latah County, Idaho(6,10)",16057,50.6,40.1,63,17,stable,6.9,-19.8,42.4
"Lemhi County, Idaho(6,10)",16059,46.5,32,67.7,7,stable,-6.9,-43.6,53.5
"Lewis County, Idaho(6,10)",16061,66.5,41.6,105.4,4,stable,-10.4,-29.5,13.9
"Twin Falls County, Idaho(6,10)",16083,53.4,46.7,60.9,47,stable,-8.9,-21.1,5.1
"Valley County, Idaho(6,10)",16085,41.3,26.8,61.9,6,stable,9.7,-28.3,68
"Washington County, Idaho(6,10)",16087,68.3,50.9,90.7,11,stable,-5.8,-39.4,46.3
"Adams County, Illinois(6,10)",17001,74.1,66.3,82.7,68,stable,-2.9,-12.8,8.1
"Alexander County, Illinois(6,10)",17003,93.5,69.9,123.6,11,stable,-4.6,-24.1,20
"Bond County, Illinois(6,10)",17005,70.2,55.3,88.1,15,stable,-11.7,-45.2,42.1
"Boone County, Illinois(6,10)",17007,66.3,56.8,76.8,36,stable,-2.1,-7.7,3.9
"Brown County, Illinois(6,10)",17009,81.4,54.8,117.1,6,stable,22.4,-15.9,78.1
"Bureau County, Illinois(6,10)",17011,69.6,59.4,81.2,34,stable,4.3,-1.8,10.7
"Calhoun County, Illinois(6,10)",17013,81.4,54.1,119.5,6,stable,-1.5,-26.3,31.5
"Carroll County, Illinois(6,10)",17015,54,41.8,69.4,14,stable,2.6,-25.7,41.6
"Cass County, Illinois(6,10)",17017,89.7,70.6,112.8,15,stable,-2.6,-27.1,30
"Champaign County, Illinois(6,10)",17019,62.4,57.2,68,107,stable,-7.4,-14.2,0
"Christian County, Illinois(6,10)",17021,94.1,82,107.6,45,stable,-9.3,-20.1,2.9
"Clark County, Illinois(6,10)",17023,75.5,60.2,93.8,17,stable,-4.2,-35.2,41.6
"Clay County, Illinois(6,10)",17025,79.5,62.5,100.2,15,stable,-5.2,-21.9,15.2
"Clinton County, Illinois(6,10)",17027,63.6,53.7,75,29,stable,-8.7,-26.7,13.7
"Coles County, Illinois(6,10)",17029,80.4,70.5,91.5,48,stable,-4.9,-20.8,14.3
"Cook County, Illinois(6,10)",17031,63.4,62.4,64.4,3359,falling,-3.5,-5.5,-1.5
"Crawford County, Illinois(6,10)",17033,88.9,73.6,106.7,24,stable,-11.7,-24.9,3.8
"Cumberland County, Illinois(6,10)",17035,89.1,68.6,114.2,13,stable,12.6,-11,42.6
"DeKalb County, Illinois(6,10)",17037,72.8,64.9,81.4,63,stable,-6.3,-15.2,3.7
"De Witt County, Illinois(6,10)",17039,94.3,76.8,115,21,stable,-7,-22.6,11.8
"Douglas County, Illinois(6,10)",17041,66.3,52.8,82.4,17,stable,1.9,-15.1,22.4
"DuPage County, Illinois(6,10)",17043,56.1,53.9,58.3,529,falling,-4.5,-7.4,-1.6
"Edgar County, Illinois(6,10)",17045,76.6,62.1,93.9,20,stable,-5,-30.1,29
"Edwards County, Illinois(6,10)",17047,88.7,63.9,121.1,9,stable,4.2,-23.8,42.6
"Effingham County, Illinois(6,10)",17049,67.5,56.8,79.7,29,stable,-2,-29.1,35.3
"Fayette County, Illinois(6,10)",17051,58,46,72.4,16,stable,-8,-31.5,23.5
"Ford County, Illinois(6,10)",17053,66.8,51.8,85.4,14,stable,8.5,-3,21.4
"Franklin County, Illinois(6,10)",17055,103.4,91.8,116.3,59,stable,-1.1,-18.8,20.6
"Fulton County, Illinois(6,10)",17057,74.9,64.4,86.7,38,stable,-3,-18.1,14.9
"Gallatin County, Illinois(6,10)",17059,87.9,62,123.1,8,falling,-14.7,-20.4,-8.6
"Greene County, Illinois(6,10)",17061,72.7,56.3,92.9,14,stable,7.4,-9.4,27.3
"Grundy County, Illinois(6,10)",17063,90,78.4,102.8,45,stable,-2.5,-18.4,16.5
"Hamilton County, Illinois(6,10)",17065,85.2,63.5,112.9,11,stable,17.5,-18,68.4
"Hancock County, Illinois(6,10)",17067,74.4,60.4,91.1,21,stable,-2.3,-27,30.8
"Hardin County, Illinois(6,10)",17069,90.3,61.3,131.6,6,stable,-12.8,-45,38.3
"Henderson County, Illinois(6,10)",17071,78.2,56.6,107.1,9,stable,-10.3,-31.1,16.8
"Henry County, Illinois(6,10)",17073,74.9,66,84.8,52,stable,-0.1,-7.3,7.7
"Iroquois County, Illinois(6,10)",17075,72,61.1,84.6,31,stable,2.4,-17,26.4
"Jackson County, Illinois(6,10)",17077,69,59.7,79.4,41,stable,-0.5,-11.3,11.7
"Jasper County, Illinois(6,10)",17079,67.3,48.6,91.6,9,stable,6.1,-37.3,79.6
"Jefferson County, Illinois(6,10)",17081,92.7,80.9,105.8,46,falling,-10.7,-16.9,-4.1
"Jersey County, Illinois(6,10)",17083,78.7,65,94.7,23,stable,-5.6,-37.3,42.2
"Jo Daviess County, Illinois(6,10)",17085,55.9,45.8,68.2,22,stable,5.1,-3.3,14.1
"Johnson County, Illinois(6,10)",17087,83.6,65.2,106.2,15,stable,0.3,-26.1,36.1
"Kane County, Illinois(6,10)",17089,58.9,55.7,62.2,266,stable,-5.2,-10.7,0.7
"Kankakee County, Illinois(6,10)",17091,73.6,67,80.7,94,stable,-5,-13.9,4.7
"Kendall County, Illinois(6,10)",17093,54.6,47.3,62.6,45,stable,4.3,-2.5,11.6
"Knox County, Illinois(6,10)",17095,69.1,60.9,78.2,53,stable,-6.1,-16.2,5.3
"Lake County, Illinois(6,10)",17097,58.2,55.5,61,379,stable,-3.6,-10.4,3.6
"La Salle County, Illinois(6,10)",17099,76.4,70.2,83.1,113,stable,-0.1,-12.1,13.5
"Lawrence County, Illinois(6,10)",17101,88.2,71,108.5,19,stable,-5.5,-22.6,15.5
"Lee County, Illinois(6,10)",17103,66.9,56.6,78.6,31,falling,-12.4,-21.3,-2.5
"Livingston County, Illinois(6,10)",17105,81.6,70.5,94,40,stable,3.4,-27,46.5
"Logan County, Illinois(6,10)",17107,90.7,77.4,105.6,34,stable,8.6,-8.9,29.5
"McDonough County, Illinois(6,10)",17109,63.1,51.9,76.2,23,stable,3.3,-14.7,25.1
"McHenry County, Illinois(6,10)",17111,65.3,61,69.8,185,falling,-4.3,-8.4,-0.1
"McLean County, Illinois(6,10)",17113,64.1,58.4,70.2,97,stable,-4.7,-9.4,0.2
"Macon County, Illinois(6,10)",17115,96.6,89.5,104.2,140,falling,-7.4,-11.3,-3.3
"Macoupin County, Illinois(6,10)",17117,79.5,70,90.1,52,stable,0.9,-14.8,19.4
"Madison County, Illinois(6,10)",17119,83.5,79,88.2,265,falling,-2.4,-4.6,-0.2
"Marion County, Illinois(6,10)",17121,91.5,80.3,104.1,49,stable,-6.2,-15.2,3.8
"Marshall County, Illinois(6,10)",17123,58.5,44.4,76.5,12,stable,2.3,-29.2,47.9
"Mason County, Illinois(6,10)",17125,92.3,74.7,113.3,20,stable,-0.8,-14.4,15
"Massac County, Illinois(6,10)",17127,100.9,82.7,122.4,22,stable,-8.6,-37.5,33.6
"Menard County, Illinois(6,10)",17129,75.9,58.1,97.9,13,stable,18.9,-13.9,64.1
"Mercer County, Illinois(6,10)",17131,76.7,61.8,94.6,19,stable,-1.7,-31.4,41.1
"Monroe County, Illinois(6,10)",17133,60.9,50.4,72.9,24,stable,-3,-13.1,8.2
"Montgomery County, Illinois(6,10)",17135,86.5,73.8,100.9,34,stable,-1.1,-22.7,26.5
"Morgan County, Illinois(6,10)",17137,77.6,66.4,90.2,36,stable,-2.5,-18,15.9
"Moultrie County, Illinois(6,10)",17139,56.9,42.9,74.3,11,stable,-18.2,-34.1,1.6
"Ogle County, Illinois(6,10)",17141,66.7,58.2,76.2,45,stable,2.7,-9.2,16.2
"Peoria County, Illinois(6,10)",17143,84,78.6,89.8,180,stable,-0.3,-12.5,13.6
"Perry County, Illinois(6,10)",17145,74.4,60.6,90.6,21,stable,-3.2,-15.9,11.3
"Piatt County, Illinois(6,10)",17147,79.8,64,98.7,18,stable,1.9,-8.6,13.7
"Pike County, Illinois(6,10)",17149,68.4,54.3,85.6,17,stable,-7.4,-20.1,7.3
"Pope County, Illinois(6,10)",17151,105.5,70.5,154.1,7,falling,-5.7,-9.8,-1.5
"Pulaski County, Illinois(6,10)",17153,113.1,83.3,151.5,10,stable,27.1,-1.7,64.3
"Putnam County, Illinois(6,10)",17155,73.5,50.4,105.6,7,stable,22.9,-18,84
"Randolph County, Illinois(6,10)",17157,78.6,67,91.8,33,stable,-0.2,-27.7,37.9
"Richland County, Illinois(6,10)",17159,81.6,65.7,100.6,19,rising,18.9,7.2,31.9
"Rock Island County, Illinois(6,10)",17161,66.8,61.7,72.4,127,stable,-6.4,-15,3.1
"St. Clair County, Illinois(6,10)",17163,75.8,71.3,80.5,219,stable,0.1,-7.4,8.3
"Saline County, Illinois(6,10)",17165,91.8,78.1,107.5,33,stable,0.9,-9.9,12.9
"Sangamon County, Illinois(6,10)",17167,77.6,72.5,82.9,183,stable,-0.1,-10,10.9
"Schuyler County, Illinois(6,10)",17169,82.9,59.9,112.9,9,stable,5.3,-17.8,35
"Scott County, Illinois(6,10)",17171,83.2,56.9,119.4,6,stable,9,-28.1,65
"Shelby County, Illinois(6,10)",17173,77.1,64.1,92.4,25,stable,-7.3,-26.8,17.2
"Stark County, Illinois(6,10)",17175,77.3,54.1,109.1,7,stable,-12,-46,43.3
"Stephenson County, Illinois(6,10)",17177,63.8,55.4,73.3,43,stable,-4.9,-18.9,11.6
"Tazewell County, Illinois(6,10)",17179,87.2,81,93.8,151,falling,-2.8,-4.8,-0.9
"Union County, Illinois(6,10)",17181,102.7,85.3,122.9,26,stable,-0.8,-13.8,14.2
"Vermilion County, Illinois(6,10)",17183,86.4,78.6,94.8,92,stable,0,-12.8,14.7
"Wabash County, Illinois(6,10)",17185,91.6,72,115.5,15,falling,-15.8,-25.8,-4.5
"Warren County, Illinois(6,10)",17187,74,59,92,17,stable,7.1,-13.1,32.1
"Washington County, Illinois(6,10)",17189,74.1,58.1,93.5,15,stable,-1.4,-9.7,7.6
"Wayne County, Illinois(6,10)",17191,89.2,73.3,108,22,stable,0.8,-17.1,22.6
"White County, Illinois(6,10)",17193,81.2,64.9,100.9,18,falling,-18.6,-32.9,-1.2
"Whiteside County, Illinois(6,10)",17195,71.8,63.6,80.9,57,stable,1.1,-9.8,13.3
"Will County, Illinois(6,10)",17197,72,68.8,75.3,414,falling,-3.9,-7.4,-0.4
"Williamson County, Illinois(6,10)",17199,97.5,88.3,107.4,85,stable,3.5,-8.1,16.6
"Winnebago County, Illinois(6,10)",17201,74,69.9,78.3,252,stable,-3.5,-11.2,4.9
"Woodford County, Illinois(6,10)",17203,61,51.4,72.1,29,stable,-9.3,-24,8.3
"Adams County, Indiana(6,10)",18001,50.2,40.5,61.5,19,rising,10.9,0.3,22.6
"Allen County, Indiana(6,10)",18003,61.9,58.3,65.7,227,stable,-0.9,-4.5,2.8
"Bartholomew County, Indiana(6,10)",18005,77.8,69.7,86.6,69,stable,-0.7,-12.3,12.3
"Benton County, Indiana(6,10)",18007,82.7,60.3,111.3,9,stable,-12.5,-36.1,19.7
"Blackford County, Indiana(6,10)",18009,74.9,57.9,95.9,13,stable,0,-18.9,23.3
"Boone County, Indiana(6,10)",18011,67,57.7,77.3,39,stable,-14.2,-29.1,3.7
"Brown County, Indiana(6,10)",18013,61.8,47.5,79.8,14,stable,0.9,-17.2,22.9
"Carroll County, Indiana(6,10)",18015,66.1,52.7,82.2,17,stable,-0.5,-23.1,28.7
"Cass County, Indiana(6,10)",18017,89.5,77.7,102.6,42,stable,0.6,-10,12.4
"Clark County, Indiana(6,10)",18019,88.1,80.6,96,107,stable,0.6,-4.1,5.5
"Clay County, Indiana(6,10)",18021,73.8,61.4,88.2,25,stable,7.6,-17,39.6
"Clinton County, Indiana(6,10)",18023,76.2,64.2,89.9,29,stable,-6.9,-20.2,8.6
"Crawford County, Indiana(6,10)",18025,94.6,72.2,122.2,13,stable,12,-7.8,36.1
"Daviess County, Indiana(6,10)",18027,62.8,51.6,75.7,23,stable,0.3,-21.6,28.4
"Dearborn County, Indiana(6,10)",18029,82.3,72,93.6,48,stable,0.7,-18.7,24.7
"Decatur County, Indiana(6,10)",18031,69.6,57,84.4,21,stable,-4.5,-8.9,0.1
"DeKalb County, Indiana(6,10)",18033,68.5,58.3,80.1,33,stable,-6.4,-25.1,17.1
"Delaware County, Indiana(6,10)",18035,79.9,73.2,87.1,108,stable,-4.3,-18.1,11.9
"Dubois County, Indiana(6,10)",18037,55,46.2,65.1,28,stable,-2.4,-19.1,17.8
"Elkhart County, Indiana(6,10)",18039,70.2,65.1,75.6,144,stable,-5.6,-12,1.3
"Fayette County, Indiana(6,10)",18041,87.4,73.4,103.4,29,stable,-8.5,-29,18
"Floyd County, Indiana(6,10)",18043,79.3,70.9,88.5,67,stable,-4.9,-13,4
"Fountain County, Indiana(6,10)",18045,82.3,66.7,100.9,20,stable,-6.9,-31,25.5
"Franklin County, Indiana(6,10)",18047,64.7,52,79.7,18,stable,16.2,-0.4,35.7
"Fulton County, Indiana(6,10)",18049,83.8,69,101.1,23,stable,-2.1,-12,8.8
"Gibson County, Indiana(6,10)",18051,70,59.1,82.5,29,stable,-1.8,-17.4,16.6
"Grant County, Indiana(6,10)",18053,85.5,77.1,94.6,78,stable,3.3,-13.4,23.1
"Greene County, Indiana(6,10)",18055,81.1,69.4,94.3,35,stable,-7.8,-17.5,3
"Hamilton County, Indiana(6,10)",18057,46.7,42.6,51,102,stable,4.2,-4.9,14.1
"Hancock County, Indiana(6,10)",18059,83.1,74.1,92.9,65,stable,1.1,-11.7,15.8
"Harrison County, Indiana(6,10)",18061,90.7,78.7,104.1,43,rising,5.8,1.9,10
"Hendricks County, Indiana(6,10)",18063,69.9,63.7,76.5,98,falling,-6.1,-10.4,-1.5
"Henry County, Indiana(6,10)",18065,76.6,67.3,87,49,stable,-4,-22.9,19.6
"Howard County, Indiana(6,10)",18067,75,67.8,82.9,81,stable,0.9,-4.5,6.6
"Huntington County, Indiana(6,10)",18069,65,54.7,76.8,29,stable,-7.4,-21.1,8.7
"Jackson County, Indiana(6,10)",18071,81.4,70.7,93.3,42,stable,3.6,-9.2,18.3
"Jasper County, Indiana(6,10)",18073,85.6,72.8,100,33,stable,-4.1,-9.4,1.6
"Jay County, Indiana(6,10)",18075,68.9,55.2,85.2,18,stable,-4.9,-34.5,38.3
"Jefferson County, Indiana(6,10)",18077,81.7,69.3,95.7,32,stable,11,-10.1,36.9
"Jennings County, Indiana(6,10)",18079,97.9,82.6,115.4,30,stable,-7.7,-20.9,7.6
"Johnson County, Indiana(6,10)",18081,67.9,62,74.2,101,stable,-7.2,-16.7,3.5
"Knox County, Indiana(6,10)",18083,76,65.3,88.1,37,stable,5.5,-8.6,21.7
"Kosciusko County, Indiana(6,10)",18085,71.6,63.9,80.1,64,stable,-3.4,-6.8,0
"LaGrange County, Indiana(6,10)",18087,56.4,45.9,68.6,21,stable,-3,-43,64.9
"Lake County, Indiana(6,10)",18089,74,70.8,77.3,412,stable,-1.1,-6.4,4.4
"LaPorte County, Indiana(6,10)",18091,77.2,70.6,84.3,103,stable,1.7,-9.2,13.9
"Lawrence County, Indiana(6,10)",18093,89.5,79.1,101,55,stable,-0.9,-6.6,5.2
"Madison County, Indiana(6,10)",18095,81.8,75.6,88.4,133,stable,-0.6,-14.4,15.6
"Marion County, Indiana(6,10)",18097,79.7,76.9,82.4,682,stable,-1,-4.4,2.4
"Marshall County, Indiana(6,10)",18099,67.1,57.9,77.5,39,stable,9.3,-7.7,29.6
"Martin County, Indiana(6,10)",18101,71.5,52.5,95.7,10,stable,19,-6.7,51.7
"Miami County, Indiana(6,10)",18103,77.1,65.7,89.9,34,stable,-6,-16.2,5.4
"Monroe County, Indiana(6,10)",18105,66.9,60.4,73.8,81,stable,-3.2,-12.4,6.9
"Montgomery County, Indiana(6,10)",18107,70,59.7,81.7,33,stable,-12.9,-25.3,1.6
"Morgan County, Indiana(6,10)",18109,83.9,74.8,93.8,65,stable,-0.8,-12.3,12.4
"Newton County, Indiana(6,10)",18111,75.3,58.7,95.5,15,stable,-4.4,-19.6,13.7
"Noble County, Indiana(6,10)",18113,69,59,80.2,35,stable,-1.8,-14.3,12.6
"Ohio County, Indiana(6,10)",18115,123.2,91.2,164.2,10,stable,-10.3,-21.1,2
"Orange County, Indiana(6,10)",18117,85.4,70.1,103.4,22,stable,-9.3,-27.2,13
"Owen County, Indiana(6,10)",18119,85,70,102.5,24,stable,-10.7,-25.2,6.6
"Parke County, Indiana(6,10)",18121,75.1,59.7,93.6,17,stable,-11.3,-27.8,8.8
"Perry County, Indiana(6,10)",18123,101.2,83.8,121.4,24,stable,-5.8,-27.8,23
"Pike County, Indiana(6,10)",18125,66.6,50.8,86.3,12,stable,-7.5,-22.7,10.8
"Porter County, Indiana(6,10)",18127,73.6,68,79.6,133,stable,-5.7,-11.2,0.3
"Posey County, Indiana(6,10)",18129,60.3,48.5,74.2,19,stable,0.2,-23.5,31.2
"Pulaski County, Indiana(6,10)",18131,71.1,54.7,91.3,13,stable,6.6,-11,27.6
"Putnam County, Indiana(6,10)",18133,95.1,82.5,109.3,41,stable,-0.5,-8.6,8.4
"Randolph County, Indiana(6,10)",18135,83.1,70.1,98,29,stable,-0.8,-15.6,16.6
"Ripley County, Indiana(6,10)",18137,75.6,63.2,89.9,27,stable,-9.5,-22.8,6.1
"Rush County, Indiana(6,10)",18139,80.8,65,99.7,18,stable,-7.2,-17.8,4.8
"St. Joseph County, Indiana(6,10)",18141,71.5,67.2,76.1,212,falling,-6,-9.8,-2
"Scott County, Indiana(6,10)",18143,91.8,76.5,109.4,26,stable,-5.4,-17.4,8.4
"Shelby County, Indiana(6,10)",18145,81.8,71,93.7,43,stable,-2.9,-16.6,13.1
"Spencer County, Indiana(6,10)",18147,77.9,63.6,94.7,21,stable,-1.1,-33.6,47.2
"Starke County, Indiana(6,10)",18149,93.5,78.6,110.7,29,stable,3.6,-13.5,24
"Steuben County, Indiana(6,10)",18151,71,60.1,83.5,31,rising,18.1,8.2,28.9
"Sullivan County, Indiana(6,10)",18153,81.8,66.9,99.2,22,stable,-1.9,-12.7,10.2
"Switzerland County, Indiana(6,10)",18155,84.7,63,111.8,11,stable,-13.8,-38.1,19.9
"Tippecanoe County, Indiana(6,10)",18157,64,58.1,70.3,91,stable,-7.1,-16.4,3.1
"Tipton County, Indiana(6,10)",18159,73.3,57.7,92.2,16,stable,3.1,-10.7,19
"Union County, Indiana(6,10)",18161,65.2,44.6,93.1,7,stable,-14.6,-33.6,9.8
"Vanderburgh County, Indiana(6,10)",18163,79.6,74.2,85.2,169,stable,-1.2,-9.1,7.4
"Vermillion County, Indiana(6,10)",18165,92.6,75.3,113.1,20,stable,-0.8,-17,18.5
"Vigo County, Indiana(6,10)",18167,80.4,73.2,88,96,stable,-4.9,-13.1,4.1
"Wabash County, Indiana(6,10)",18169,64.3,53.9,76.2,28,stable,2.2,-16.9,25.8
"Warren County, Indiana(6,10)",18171,66,46,92.5,7,falling,-17.2,-27.6,-5.4
"Warrick County, Indiana(6,10)",18173,66.7,58.2,76.1,47,stable,-0.3,-13.1,14.3
"Washington County, Indiana(6,10)",18175,96.2,81.8,112.5,33,stable,-8.6,-20.8,5.5
"Wayne County, Indiana(6,10)",18177,85.2,76.8,94.4,77,stable,-1.8,-12.4,10.1
"Wells County, Indiana(6,10)",18179,52.4,42.2,64.5,19,stable,6.8,-16.2,36
"White County, Indiana(6,10)",18181,76.2,63.5,90.9,26,stable,-7.7,-27.5,17.5
"Whitley County, Indiana(6,10)",18183,63.8,53.1,76.2,26,stable,-1.5,-32.8,44.6
"Adair County, Iowa(7,8)",19001,65.2,46.1,91.2,8,stable,1.5,-0.7,3.6
"Adams County, Iowa(7,8)",19003,68.9,41.5,110.3,4,stable,0.6,-1.7,3
"Allamakee County, Iowa(7,8)",19005,39.9,28.7,54.7,9,stable,-1.6,-4,0.8
"Appanoose County, Iowa(7,8)",19007,78.5,61.8,99,15,rising,1.5,0.1,2.9
"Audubon County, Iowa(7,8)",19009,42.4,26.3,67.3,4,stable,1.4,-1.7,4.7
"Benton County, Iowa(7,8)",19011,67.5,55.3,81.7,22,stable,-0.6,-1.8,0.6
"Black Hawk County, Iowa(7,8)",19013,72.5,66.4,79,108,stable,-0.5,-1.3,0.3
"Boone County, Iowa(7,8)",19015,61.3,50,74.5,21,stable,0.1,-1.4,1.6
"Bremer County, Iowa(7,8)",19017,41.6,32.3,53.1,14,stable,-1.3,-3,0.4
"Buchanan County, Iowa(7,8)",19019,82.8,67.6,100.5,21,stable,0.7,-0.7,2.2
"Buena Vista County, Iowa(7,8)",19021,40.9,30.1,54.6,10,stable,0.5,-1.5,2.5
"Butler County, Iowa(7,8)",19023,45.4,33.5,60.8,10,stable,0.2,-1.6,2
"Calhoun County, Iowa(7,8)",19025,54.6,39.3,75,9,stable,-0.8,-2.3,0.6
"Carroll County, Iowa(7,8)",19027,60.8,48.8,75.3,18,stable,-0.6,-2.5,1.3
"Cass County, Iowa(7,8)",19029,73.2,56.9,93.3,15,stable,0.3,-1.2,1.8
"Cedar County, Iowa(7,8)",19031,66.5,52.6,83.3,16,stable,0.8,-0.8,2.5
"Cerro Gordo County, Iowa(7,8)",19033,65.8,57.1,75.6,43,stable,-0.9,-1.8,0.1
"Cherokee County, Iowa(7,8)",19035,47.6,34.8,64.4,10,stable,-0.5,-2.7,1.7
"Chickasaw County, Iowa(7,8)",19037,52.9,38.9,71.2,10,stable,-1.3,-3.4,0.8
"Clarke County, Iowa(7,8)",19039,70.6,51,95.7,9,rising,3.1,0.9,5.3
"Clay County, Iowa(7,8)",19041,57.8,44.4,74.3,13,stable,0.1,-1.5,1.8
"Clayton County, Iowa(7,8)",19043,60.3,47.6,75.9,16,stable,0.9,-0.7,2.4
"Clinton County, Iowa(7,8)",19045,64.1,55.7,73.6,42,stable,-0.8,-1.9,0.3
"Crawford County, Iowa(7,8)",19047,54.8,41.6,71,12,stable,-0.3,-1.5,1
"Dallas County, Iowa(7,8)",19049,61.6,52.9,71.2,38,stable,-0.1,-1.1,1
"Davis County, Iowa(7,8)",19051,53.6,36.4,76.9,6,stable,-0.6,-2.9,1.7
"Decatur County, Iowa(7,8)",19053,65,45.4,91.2,7,stable,0.2,-2,2.4
"Delaware County, Iowa(7,8)",19055,38.4,27.9,52,9,stable,-28.4,-54.8,13.4
"Des Moines County, Iowa(7,8)",19057,86.7,76,98.6,49,stable,0.9,-0.3,2.1
"Dickinson County, Iowa(7,8)",19059,59.6,47.6,74.3,18,stable,-1,-2.5,0.5
"Dubuque County, Iowa(7,8)",19061,59.4,53.3,66.1,70,falling,-1.3,-2,-0.5
"Emmet County, Iowa(7,8)",19063,69.8,51.4,93.3,10,stable,0.8,-1.3,3
"Fayette County, Iowa(7,8)",19065,59.9,48.4,73.7,19,stable,0,-1.2,1.2
"Floyd County, Iowa(7,8)",19067,65.7,51.6,82.9,16,stable,-0.3,-2,1.5
"Franklin County, Iowa(7,8)",19069,54.7,39.2,75.1,8,rising,2.7,0.1,5.4
"Fremont County, Iowa(7,8)",19071,76.2,53.9,105.8,8,stable,0.3,-1.8,2.4
"Greene County, Iowa(7,8)",19073,63.7,46.5,86.3,9,rising,3,0.9,5.2
"Grundy County, Iowa(7,8)",19075,48.7,35.2,66.3,9,stable,0.7,-1.4,2.8
"Guthrie County, Iowa(7,8)",19077,55.6,40.7,75.2,9,stable,-1,-3.2,1.3
"Hamilton County, Iowa(7,8)",19079,64.7,49.9,82.9,14,stable,-0.8,-2.4,0.8
"Hancock County, Iowa(7,8)",19081,58.8,42.9,79.5,9,stable,0.4,-1.8,2.8
"Hardin County, Iowa(7,8)",19083,58.5,46,73.9,16,stable,-0.2,-1.7,1.2
"Harrison County, Iowa(7,8)",19085,86.4,69.2,107,18,stable,-0.2,-1.7,1.3
"Henry County, Iowa(7,8)",19087,70.4,56.5,86.9,18,stable,0.9,-0.6,2.4
"Howard County, Iowa(7,8)",19089,41.9,27.8,61.5,6,stable,0.2,-2.3,2.9
"Humboldt County, Iowa(7,8)",19091,54.5,39.2,75,9,stable,-0.8,-3,1.4
"Ida County, Iowa(7,8)",19093,55.6,37.8,80.5,6,stable,-0.2,-2.3,1.9
"Iowa County, Iowa(7,8)",19095,47.5,35.5,62.6,11,stable,-11.3,-21.9,0.6
"Jackson County, Iowa(7,8)",19097,66.1,53,81.7,18,stable,-0.7,-2,0.6
"Jasper County, Iowa(7,8)",19099,72.4,62.1,84.2,36,stable,-0.6,-1.6,0.4
"Jefferson County, Iowa(7,8)",19101,49.5,36.9,65.6,11,stable,0.3,-1.3,2
"Johnson County, Iowa(7,8)",19103,50.5,44.4,57.2,53,stable,-0.5,-1.6,0.5
"Jones County, Iowa(7,8)",19105,57.8,45.9,72.1,17,stable,-0.5,-2.1,1.1
"Keokuk County, Iowa(7,8)",19107,68.1,50.6,90.6,10,stable,-0.8,-2.1,0.5
"Kossuth County, Iowa(7,8)",19109,58,44.9,74.3,14,stable,0.8,-1,2.6
"Lee County, Iowa(7,8)",19111,73.2,62.8,85.1,36,stable,-0.6,-1.7,0.6
"Linn County, Iowa(7,8)",19113,65.7,61.1,70.6,152,falling,-2.6,-4.6,-0.5
"Louisa County, Iowa(7,8)",19115,64.1,46.9,86.2,9,stable,0.5,-1.9,2.9
"Lucas County, Iowa(7,8)",19117,60.1,42.9,83,8,stable,-0.3,-2.6,2.1
"Lyon County, Iowa(7,8)",19119,45.2,31,64.2,7,stable,-1.7,-3.7,0.4
"Madison County, Iowa(7,8)",19121,58.2,43.8,76.2,11,stable,-0.6,-2.2,1
"Mahaska County, Iowa(7,8)",19123,79.1,64.9,95.7,22,stable,1,-0.7,2.6
"Marion County, Iowa(7,8)",19125,57.4,47.5,69,24,stable,-0.4,-2.1,1.2
"Marshall County, Iowa(7,8)",19127,65.8,56.2,76.6,35,falling,-2.3,-3.4,-1.1
"Mills County, Iowa(7,8)",19129,73.1,56.2,93.8,13,stable,-0.9,-2.7,1
"Mitchell County, Iowa(7,8)",19131,48.2,34.5,66.6,9,stable,-2,-4.1,0.2
"Monona County, Iowa(7,8)",19133,58.3,42.6,79.5,9,stable,-0.6,-2.4,1.3
"Monroe County, Iowa(7,8)",19135,74.8,54,102.1,9,stable,0.8,-1.3,2.9
"Montgomery County, Iowa(7,8)",19137,59,43.3,79.4,10,stable,-0.3,-2.2,1.6
"Muscatine County, Iowa(7,8)",19139,62.8,53.1,73.8,31,stable,-0.3,-1.3,0.7
"O'Brien County, Iowa(7,8)",19141,53.2,40.1,69.8,12,stable,1.4,-0.6,3.4
"Osceola County, Iowa(7,8)",19143,52.1,33.2,79.4,5,stable,1,-1.6,3.5
"Page County, Iowa(7,8)",19145,98,80.4,118.7,23,stable,0.9,-0.8,2.6
"Palo Alto County, Iowa(7,8)",19147,61.1,44.1,83.5,9,stable,0.6,-1.5,2.6
"Plymouth County, Iowa(7,8)",19149,54.9,44,67.8,18,stable,0.8,-0.4,2.2
"Pocahontas County, Iowa(7,8)",19151,52.4,35.7,76.2,6,stable,-0.4,-3.1,2.4
"Polk County, Iowa(7,8)",19153,75.3,71.5,79.2,309,stable,-0.3,-0.8,0.2
"Pottawattamie County, Iowa(7,8)",19155,84.6,77,92.7,94,stable,0.1,-0.6,0.8
"Poweshiek County, Iowa(7,8)",19157,43.4,32.7,56.9,12,stable,-0.2,-1.8,1.5
"Sac County, Iowa(7,8)",19161,57.4,42.1,77.5,10,stable,1.3,-0.8,3.4
"Scott County, Iowa(7,8)",19163,72.7,67.2,78.6,134,stable,-0.3,-1,0.3
"Shelby County, Iowa(7,8)",19165,52.4,38.7,70.3,10,stable,0,-2,2.1
"Sioux County, Iowa(7,8)",19167,43.1,34,53.9,16,stable,0.9,-0.6,2.5
"Story County, Iowa(7,8)",19169,56,48.6,64.2,43,stable,0.6,-0.5,1.8
"Tama County, Iowa(7,8)",19171,65.3,51.7,81.7,16,stable,1.4,-0.3,3.1
"Taylor County, Iowa(7,8)",19173,57.9,38.1,86.1,6,stable,-0.1,-2.7,2.6
"Union County, Iowa(7,8)",19175,74.3,56.8,95.9,13,stable,-0.7,-2.9,1.5
"Van Buren County, Iowa(7,8)",19177,75.4,54.6,102.7,9,rising,1.8,0.3,3.3
"Wapello County, Iowa(7,8)",19179,78.5,67.3,91.1,36,stable,0.4,-0.8,1.6
"Warren County, Iowa(7,8)",19181,69.5,59.7,80.6,37,stable,-0.1,-1.2,1
"Washington County, Iowa(7,8)",19183,52.9,41.7,66.5,16,stable,0.4,-1,1.9
"Wayne County, Iowa(7,8)",19185,63.7,42.8,93,6,stable,0.6,-1.5,2.7
"Webster County, Iowa(7,8)",19187,67.6,57.6,79,34,stable,-0.6,-1.6,0.5
"Winnebago County, Iowa(7,8)",19189,61.3,44.9,82.5,10,rising,2.6,0.5,4.7
"Winneshiek County, Iowa(7,8)",19191,36,26.8,47.8,10,stable,-0.4,-2.4,1.7
"Woodbury County, Iowa(7,8)",19193,71.5,64.5,79.1,79,stable,0,-0.7,0.8
"Worth County, Iowa(7,8)",19195,45.3,28.9,68.8,5,stable,-0.9,-3.8,2
"Wright County, Iowa(7,8)",19197,56.1,42.1,74,12,stable,0.3,-1.8,2.3
"Adair County, Kentucky(7,9)",21001,91.2,74.5,110.8,21,stable,-5.1,-24.7,19.7
"Allen County, Kentucky(7,9)",21003,82.9,67.2,101.4,20,stable,8,-12.4,33.3
"Anderson County, Kentucky(7,9)",21005,95.1,78.1,114.8,23,stable,6.2,-24.1,48.6
"Ballard County, Kentucky(7,9)",21007,94.3,70.9,124,11,stable,-7.4,-37.2,36.5
"Barren County, Kentucky(7,9)",21009,106.9,94.9,120.2,58,stable,3.2,-9,17.2
"Bath County, Kentucky(7,9)",21011,109,86.3,136.1,16,stable,-2.5,-17.4,15.2
"Bell County, Kentucky(7,9)",21013,99.5,85.5,115.3,37,stable,-3.8,-22.6,19.5
"Boone County, Kentucky(7,9)",21015,86,77.9,94.6,90,stable,0.6,-13,16.3
"Bourbon County, Kentucky(7,9)",21017,93.4,77.2,112.1,24,stable,8.5,-18.6,44.5
"Boyd County, Kentucky(7,9)",21019,92.7,82.4,103.9,61,stable,-3.4,-10.4,4
"Boyle County, Kentucky(7,9)",21021,77.6,65.3,91.7,29,stable,-19.6,-39,6
"Bracken County, Kentucky(7,9)",21023,120.6,91.9,155.8,12,stable,14.3,-2.6,34.1
"Breathitt County, Kentucky(7,9)",21025,105.7,84.6,130.7,18,stable,-2.4,-28,32.2
"Breckinridge County, Kentucky(7,9)",21027,110.2,92.7,130.4,29,stable,-4.6,-17.1,9.8
"Bullitt County, Kentucky(7,9)",21029,90.9,81.2,101.4,70,stable,-0.8,-12.3,12.2
"Butler County, Kentucky(7,9)",21031,87.2,67.4,111.4,14,rising,10.2,2.7,18.2
"Caldwell County, Kentucky(7,9)",21033,103.9,83.9,127.8,19,stable,3.2,-28.9,49.8
"Calloway County, Kentucky(7,9)",21035,79.1,67.7,92,35,stable,2,-16.1,23.9
"Campbell County, Kentucky(7,9)",21037,94.5,86,103.7,93,stable,-7,-18,5.5
"Carlisle County, Kentucky(7,9)",21039,95.2,66.8,133.6,7,stable,-9.8,-49.7,61.7
"Carroll County, Kentucky(7,9)",21041,120.7,94.7,151.8,15,stable,-0.1,-19.7,24.4
"Carter County, Kentucky(7,9)",21043,103,88.1,119.8,35,stable,-1.8,-19.9,20.4
"Casey County, Kentucky(7,9)",21045,108.6,89.4,131.1,23,stable,2.8,-15.6,25.2
"Christian County, Kentucky(7,9)",21047,84.9,74.9,95.8,53,falling,-7.3,-12.8,-1.5
"Clark County, Kentucky(7,9)",21049,93.4,80.7,107.7,40,stable,2.9,-25.6,42.2
"Clay County, Kentucky(7,9)",21051,118.6,99.2,140.8,28,stable,-0.9,-16.9,18.2
"Clinton County, Kentucky(7,9)",21053,111.7,88.1,140.3,16,stable,12.3,-0.3,26.4
"Crittenden County, Kentucky(7,9)",21055,76.6,56.7,102.1,10,stable,-3.4,-17.4,13
"Cumberland County, Kentucky(7,9)",21057,96.4,71.4,128.7,10,stable,3.3,-26.8,45.9
"Daviess County, Kentucky(7,9)",21059,110.2,101.9,119.2,130,stable,-3.7,-17.2,12.1
"Edmonson County, Kentucky(7,9)",21061,85.6,66.6,108.9,14,stable,-5.1,-21.8,15.1
"Elliott County, Kentucky(7,9)",21063,73.8,51.9,102.7,8,stable,17.9,-7,49.5
"Estill County, Kentucky(7,9)",21065,124.6,102.7,150.2,24,stable,-0.9,-14.6,14.9
"Fayette County, Kentucky(7,9)",21067,74,69.5,78.8,206,stable,0.3,-7.3,8.5
"Fleming County, Kentucky(7,9)",21069,90.5,71.2,113.7,16,stable,-3.2,-32.4,38.7
"Floyd County, Kentucky(7,9)",21071,149.4,134,166.1,73,falling,-9,-12.9,-4.9
"Franklin County, Kentucky(7,9)",21073,93,82.2,104.8,56,stable,-3.5,-10.1,3.7
"Fulton County, Kentucky(7,9)",21075,112.4,84.5,147.9,11,stable,-1.7,-25.9,30.6
"Gallatin County, Kentucky(7,9)",21077,104,74.5,141.2,9,stable,1.5,-59.1,151.9
"Garrard County, Kentucky(7,9)",21079,97.8,79.7,119.1,21,stable,-5.3,-16,6.7
"Grant County, Kentucky(7,9)",21081,95.8,78.6,115.5,23,stable,4.4,-12.8,25.1
"Graves County, Kentucky(7,9)",21083,85.8,74.6,98.4,43,stable,-4.8,-11.8,2.6
"Grayson County, Kentucky(7,9)",21085,129.7,112.6,148.8,43,stable,-1.5,-19.9,21.2
"Green County, Kentucky(7,9)",21087,86.4,66.9,110.3,14,stable,8.6,-10,30.9
"Greenup County, Kentucky(7,9)",21089,107.4,94.8,121.5,54,stable,1.5,-4.7,8.2
"Hancock County, Kentucky(7,9)",21091,81.9,59,111.2,9,stable,9.6,-2.6,23.3
"Hardin County, Kentucky(7,9)",21093,101.5,92.8,110.8,104,stable,4.8,-2.6,12.8
"Harlan County, Kentucky(7,9)",21095,127.6,111.5,145.5,48,stable,1.6,-11.6,16.7
"Harrison County, Kentucky(7,9)",21097,95.8,78.9,115.7,23,stable,5.6,-17.9,35.7
"Hart County, Kentucky(7,9)",21099,114.5,95.8,136.1,27,stable,7.8,-12.8,33.3
"Henderson County, Kentucky(7,9)",21101,97.8,86.3,110.4,54,stable,1.3,-20.4,28.8
"Henry County, Kentucky(7,9)",21103,109.3,88.8,133.4,21,stable,-3.3,-27.5,28.9
"Hickman County, Kentucky(7,9)",21105,80,53.7,116.9,6,stable,-6.1,-29.5,25
"Hopkins County, Kentucky(7,9)",21107,89.9,79.5,101.4,55,stable,-9.1,-17.9,0.7
"Jackson County, Kentucky(7,9)",21109,118.3,95.5,145.1,20,stable,-9.6,-36.1,27.9
"Jefferson County, Kentucky(7,9)",21111,89.6,86.7,92.5,759,stable,-0.3,-6,5.8
"Jessamine County, Kentucky(7,9)",21113,89,77.4,101.9,44,stable,-3.1,-21.7,19.9
"Johnson County, Kentucky(7,9)",21115,113,95.9,132.3,33,stable,1.7,-1.5,4.9
"Kenton County, Kentucky(7,9)",21117,90.3,83.7,97.3,145,stable,-2.9,-18.9,16.1
"Knott County, Kentucky(7,9)",21119,116.1,95,140.6,23,stable,-5,-23.2,17.4
"Knox County, Kentucky(7,9)",21121,125,109.6,142,50,falling,-10.7,-19.7,-0.7
"Larue County, Kentucky(7,9)",21123,74.6,57.8,95.1,14,stable,-6.5,-22.7,13.1
"Laurel County, Kentucky(7,9)",21125,89.1,79.2,100,61,stable,-4.1,-18.3,12.5
"Lawrence County, Kentucky(7,9)",21127,113.9,93.3,138,22,stable,-5.1,-20.3,12.9
"Lee County, Kentucky(7,9)",21129,117.7,87.6,155.3,11,stable,11.3,-7.3,33.6
"Leslie County, Kentucky(7,9)",21131,151.8,124.3,184.1,22,stable,0.2,-23.1,30.6
"Letcher County, Kentucky(7,9)",21133,118.5,101.6,137.5,37,stable,-5.1,-15.5,6.7
"Lewis County, Kentucky(7,9)",21135,112.6,90.9,138.2,19,stable,-4.1,-21.5,17.1
"Lincoln County, Kentucky(7,9)",21137,98.5,83.5,115.7,31,stable,3.8,-14.6,26.1
"Livingston County, Kentucky(7,9)",21139,113.1,89.4,142.2,16,stable,-12.4,-38.8,25.4
"Logan County, Kentucky(7,9)",21141,103.5,88.7,120.2,36,falling,-8.4,-14.5,-1.8
"Lyon County, Kentucky(7,9)",21143,86.4,65.7,113.3,12,stable,3.3,-13.7,23.6
"McCracken County, Kentucky(7,9)",21145,80.9,72.6,90,72,stable,-6.3,-23.8,15.2
"McCreary County, Kentucky(7,9)",21147,157.5,133.1,185.2,31,stable,7.6,-8.1,26
"McLean County, Kentucky(7,9)",21149,101.7,78.9,129.9,14,stable,9.4,-11.1,34.5
"Madison County, Kentucky(7,9)",21151,91.6,82.5,101.5,76,stable,2.1,-6.8,11.8
"Magoffin County, Kentucky(7,9)",21153,109.7,86.5,137.3,16,rising,6,2.2,10.1
"Marion County, Kentucky(7,9)",21155,100.8,82.7,121.9,22,stable,0.1,-16.2,19.5
"Marshall County, Kentucky(7,9)",21157,82.9,71.6,95.6,40,stable,-6.8,-20,8.6
"Martin County, Kentucky(7,9)",21159,145.1,117.3,177.5,20,stable,-1.4,-7,4.5
"Mason County, Kentucky(7,9)",21161,123.7,103.4,147.2,27,stable,2.3,-18.4,28.2
"Meade County, Kentucky(7,9)",21163,118.1,100.2,138.3,33,stable,-6.5,-20.6,10.2
"Menifee County, Kentucky(7,9)",21165,124.6,92.3,165.5,11,stable,-3.8,-36.5,45.8
"Mercer County, Kentucky(7,9)",21167,93.3,77.8,111.1,27,stable,3.4,-12.8,22.6
"Metcalfe County, Kentucky(7,9)",21169,107.7,84.1,136.3,15,stable,1.5,-23.8,35.2
"Monroe County, Kentucky(7,9)",21171,106.8,84.2,134.2,16,stable,-3.6,-27,27.2
"Montgomery County, Kentucky(7,9)",21173,94.8,79.6,112.1,29,stable,0.2,-12.2,14.4
"Morgan County, Kentucky(7,9)",21175,98.9,77.8,124.2,16,stable,-0.2,-24.1,31.2
"Muhlenberg County, Kentucky(7,9)",21177,102.6,89.1,117.8,42,stable,-6.2,-21.7,12.4
"Nelson County, Kentucky(7,9)",21179,90.4,78.3,103.8,42,stable,0.1,-17.8,22
"Nicholas County, Kentucky(7,9)",21181,106.5,78.4,142.2,10,stable,-0.6,-13.5,14.1
"Ohio County, Kentucky(7,9)",21183,124.8,107.4,144.4,38,stable,-7.1,-16.7,3.7
"Oldham County, Kentucky(7,9)",21185,77.2,66.4,89.1,43,stable,-5,-20,12.9
"Owen County, Kentucky(7,9)",21187,91.2,68.9,118.7,12,stable,-1.7,-32.1,42.3
"Owsley County, Kentucky(7,9)",21189,148.1,107.8,199.8,9,stable,10.6,-13.1,40.9
"Pendleton County, Kentucky(7,9)",21191,97.9,77.2,122.6,16,stable,-5.3,-29.1,26.5
"Perry County, Kentucky(7,9)",21193,139.7,122.2,159.1,49,falling,-15,-26.3,-1.9
"Pike County, Kentucky(7,9)",21195,123,112.1,134.7,98,stable,-1.2,-9.9,8.4
"Powell County, Kentucky(7,9)",21197,152.9,125.7,184.6,23,stable,8.2,-7.3,26.2
"Pulaski County, Kentucky(7,9)",21199,93.6,84.5,103.5,80,stable,-6.8,-16.2,3.5
"Robertson County, Kentucky(7,9)",21201,111.8,66.1,181.8,4,stable,4.3,-53.2,132.6
"Rockcastle County, Kentucky(7,9)",21203,118.1,97.9,141.5,25,stable,4.4,-2.5,11.9
"Rowan County, Kentucky(7,9)",21205,92.4,75.5,111.9,22,stable,-10.8,-24.3,5.1
"Russell County, Kentucky(7,9)",21207,102.4,85,122.6,25,stable,-5.7,-24.8,18.2
"Scott County, Kentucky(7,9)",21209,87.3,74.7,101.4,37,stable,3.8,-14.2,25.5
"Shelby County, Kentucky(7,9)",21211,76.6,65.4,89.1,36,stable,5.4,-11.3,25.1
"Simpson County, Kentucky(7,9)",21213,106.5,87.3,128.8,22,stable,-14.8,-31.1,5.4
"Spencer County, Kentucky(7,9)",21215,84.8,65.7,107.7,15,stable,-11.1,-36.4,24.4
"Taylor County, Kentucky(7,9)",21217,100.2,85.1,117.4,32,stable,1.6,-15.9,22.6
"Todd County, Kentucky(7,9)",21219,83.1,63.4,107.2,12,stable,-12.4,-41.9,32.1
"Trigg County, Kentucky(7,9)",21221,94.6,76.5,116.3,20,stable,-9.4,-24.4,8.7
"Trimble County, Kentucky(7,9)",21223,113.2,85.3,147.7,12,stable,-8.9,-45.5,52.2
"Union County, Kentucky(7,9)",21225,106.4,84.8,131.9,17,stable,-8.8,-17.5,0.9
"Warren County, Kentucky(7,9)",21227,91.3,83.3,99.8,100,stable,-2.6,-16,12.8
"Washington County, Kentucky(7,9)",21229,80.5,61.4,104.1,12,stable,-2.9,-18.1,15.3
"Wayne County, Kentucky(7,9)",21231,101.7,85.3,120.7,28,stable,1,-11.9,15.9
"Webster County, Kentucky(7,9)",21233,109.1,87.8,134.2,19,stable,-3.7,-11.6,4.9
"Whitley County, Kentucky(7,9)",21235,122.4,107.5,138.9,50,stable,-1.8,-16.7,15.8
"Wolfe County, Kentucky(7,9)",21237,118.3,88.7,155.5,11,stable,-0.6,-19.5,22.7
"Woodford County, Kentucky(7,9)",21239,68.2,55.1,83.6,20,stable,-2.2,-27.6,32.2
"Acadia Parish, Louisiana(7,9)",22001,79.6,70.2,89.9,53,stable,3.7,-0.7,8.4
"Allen Parish, Louisiana(7,9)",22003,71.2,57.6,87.1,19,stable,-2.2,-15.6,13.3
"Ascension Parish, Louisiana(7,9)",22005,68.6,60.9,77,63,stable,-8.1,-16.9,1.7
"Assumption Parish, Louisiana(7,9)",22007,77.8,63.4,94.7,21,stable,3.3,-7.1,14.9
"Avoyelles Parish, Louisiana(7,9)",22009,85.2,74,97.7,42,stable,-3.7,-11.7,5
"Beauregard Parish, Louisiana(7,9)",22011,76.4,64.5,89.9,30,stable,3.9,-10.7,20.9
"Bienville Parish, Louisiana(7,9)",22013,82,65.1,102.6,16,stable,-4.7,-21.2,15.2
"Bossier Parish, Louisiana(7,9)",22015,75.3,68.4,82.6,91,stable,-1,-11.6,11
"Caddo Parish, Louisiana(7,9)",22017,69,64.7,73.4,201,stable,-1,-5.3,3.6
"Calcasieu Parish, Louisiana(7,9)",22019,68.4,63.4,73.6,145,stable,-2,-10.3,6.9
"Caldwell Parish, Louisiana(7,9)",22021,95.2,72.5,123.2,12,stable,7,-7.1,23.2
"Cameron Parish, Louisiana(7,9)",22023,64.1,41.3,95.6,5,stable,-10.2,-34.3,23
"Catahoula Parish, Louisiana(7,9)",22025,93,70.5,120.8,12,stable,9.3,-8.8,31
"Claiborne Parish, Louisiana(7,9)",22027,69.5,54.6,87.6,15,stable,-9,-17.3,0.2
"Concordia Parish, Louisiana(7,9)",22029,76.7,61.9,94.2,19,stable,-2.5,-26.8,29.8
"De Soto Parish, Louisiana(7,9)",22031,80.7,67.5,95.8,27,stable,-9.1,-33.5,24.1
"East Baton Rouge Parish, Louisiana(7,9)",22033,56.4,53.2,59.8,240,stable,-3.9,-11.9,4.7
"East Carroll Parish, Louisiana(7,9)",22035,98,69.9,133.9,8,stable,-0.5,-34.1,50
"East Feliciana Parish, Louisiana(7,9)",22037,61.1,47.6,77.4,15,stable,0.7,-22.6,31
"Evangeline Parish, Louisiana(7,9)",22039,81.8,69.1,96.1,30,stable,2.2,-14,21.4
"Franklin Parish, Louisiana(7,9)",22041,77.2,62.9,94,21,stable,-2.1,-23.4,25.2
"Grant Parish, Louisiana(7,9)",22043,100.8,83.2,121,24,stable,-9.2,-27.7,13.9
"Iberia Parish, Louisiana(7,9)",22045,78.2,69.5,87.7,60,stable,-4,-18.5,13.2
"Iberville Parish, Louisiana(7,9)",22047,92.2,78.7,107.5,34,stable,2.2,-7.3,12.8
"Jackson Parish, Louisiana(7,9)",22049,80.5,64.3,99.9,18,stable,-12.9,-33.4,13.8
"Jefferson Parish, Louisiana(7,9)",22051,67.4,64.1,70.7,340,stable,-2.7,-11.7,7.2
"Jefferson Davis Parish, Louisiana(7,9)",22053,81.8,69.4,96,31,stable,-5.3,-18.5,10
"Lafayette Parish, Louisiana(7,9)",22055,69.9,64.8,75.3,145,stable,1.3,-8.4,12.1
"LaFourche Parish, Louisiana(7,9)",22057,70.9,63.8,78.7,73,stable,-13.1,-24.6,0.2
"La Salle Parish, Louisiana(7,9)",22059,87.6,69.3,109.4,16,falling,-5.6,-9.2,-1.8
"Lincoln Parish, Louisiana(7,9)",22061,60.7,50.7,72.1,27,stable,-11.2,-25.6,5.9
"Livingston Parish, Louisiana(7,9)",22063,81.6,74.3,89.4,98,stable,5.8,-5.1,18.1
"Madison Parish, Louisiana(7,9)",22065,66.7,47.9,90.4,9,stable,-0.1,-22.6,29
"Morehouse Parish, Louisiana(7,9)",22067,76.1,63.5,90.6,27,stable,3.1,-4.9,11.9
"Natchitoches Parish, Louisiana(7,9)",22069,66,55.6,77.9,29,stable,-6.9,-31.1,25.8
"Orleans Parish, Louisiana(7,9)",22071,67.6,63.7,71.6,242,stable,-2.2,-8.7,4.8
"Ouachita Parish, Louisiana(7,9)",22073,78.3,72.2,84.7,126,stable,-2.6,-7,2
"Plaquemines Parish, Louisiana(7,9)",22075,70.4,55.9,87.6,17,stable,6.6,-29.2,60.4
"Pointe Coupee Parish, Louisiana(7,9)",22077,53.5,42.5,66.8,17,stable,1.3,-27.1,40.8
"Rapides Parish, Louisiana(7,9)",22079,68.9,63,75.2,103,stable,2.1,-12,18.5
"Red River Parish, Louisiana(7,9)",22081,57.9,39.2,82.9,6,stable,-3.8,-38.6,50.6
"Richland Parish, Louisiana(7,9)",22083,79,64,96.7,19,stable,-1.5,-11,9
"Sabine Parish, Louisiana(7,9)",22085,66.5,54.6,80.4,23,falling,-10.5,-18.1,-2.2
"St. Bernard Parish, Louisiana(7,9)",22087,97.4,82.5,114.1,33,stable,-2.7,-10,5.2
"St. Charles Parish, Louisiana(7,9)",22089,71.2,60.9,82.8,36,stable,-6.7,-22,11.4
"St. Helena Parish, Louisiana(7,9)",22091,64.3,46.8,86.7,9,stable,-2.7,-20.5,19.1
"St. James Parish, Louisiana(7,9)",22093,58,45.2,73.5,14,stable,3.7,-13.6,24.6
"St. John the Baptist Parish, Louisiana(7,9)",22095,61.6,51.3,73.3,27,stable,-12.4,-34.6,17.2
"St. Landry Parish, Louisiana(7,9)",22097,80.3,72.3,88.9,76,stable,-1,-11.2,10.4
"St. Martin Parish, Louisiana(7,9)",22099,75.1,65,86.3,42,stable,-0.3,-15.9,18.2
"St. Mary Parish, Louisiana(7,9)",22101,66.6,57.6,76.7,40,stable,-13.2,-27.8,4.3
"St. Tammany Parish, Louisiana(7,9)",22103,67.3,62.9,72,179,stable,-1.9,-8.8,5.5
"Tangipahoa Parish, Louisiana(7,9)",22105,79.3,72.3,86.8,100,stable,2.3,-11.2,17.7
"Tensas Parish, Louisiana(7,9)",22107,58.5,35.4,92.7,4,stable,-15.2,-29.9,2.6
"Terrebonne Parish, Louisiana(7,9)",22109,76.2,69,84,86,stable,1.6,-10.8,15.6
"Union Parish, Louisiana(7,9)",22111,78.9,65.3,94.9,24,stable,-3.2,-17,12.9
"Vermilion Parish, Louisiana(7,9)",22113,77.5,68,88,49,stable,-4.1,-13.1,5.9
"Vernon Parish, Louisiana(7,9)",22115,91.7,79.1,105.7,39,stable,6.7,-9.5,25.8
"Washington Parish, Louisiana(7,9)",22117,92,81.1,104,53,stable,-1.1,-11.2,10.2
"Webster Parish, Louisiana(7,9)",22119,86.3,75.3,98.4,46,stable,-1.5,-15.8,15.3
"West Baton Rouge Parish, Louisiana(7,9)",22121,71.5,56.9,88.6,18,stable,1.8,-10.9,16.2
"West Carroll Parish, Louisiana(7,9)",22123,78.5,59.5,102,12,stable,-5.4,-24.7,18.8
"West Feliciana Parish, Louisiana(7,9)",22125,80.1,61.5,102.9,14,stable,16.3,-18.8,66.6
"Winn Parish, Louisiana(7,9)",22127,80.3,62.9,101.4,15,stable,-7.7,-23.4,11.3
"Androscoggin County, Maine(6,10)",23001,78.1,71.3,85.3,101,stable,-1.8,-7.8,4.7
"Aroostook County, Maine(6,10)",23003,84.1,76.4,92.4,92,stable,-1.1,-8.3,6.7
"Cumberland County, Maine(6,10)",23005,68.3,64.4,72.4,237,stable,-3.3,-8.1,1.8
"Franklin County, Maine(6,10)",23007,57.7,47.6,69.5,24,stable,-7,-16.6,3.7
"Hancock County, Maine(6,10)",23009,68.8,60.8,77.7,56,stable,2.7,-3.5,9.2
"Kennebec County, Maine(6,10)",23011,75.6,69.6,82.1,121,stable,-6.9,-17.7,5.2
"Knox County, Maine(6,10)",23013,72,62.6,82.6,45,stable,9.8,-6.7,29.2
"Lincoln County, Maine(6,10)",23015,50.8,42.8,60.3,30,stable,2.8,-15.8,25.6
"Oxford County, Maine(6,10)",23017,85.6,76.7,95.3,70,stable,2.4,-14.3,22.2
"Penobscot County, Maine(6,10)",23019,84.4,78.6,90.5,160,stable,0.1,-8.9,9.9
"Piscataquis County, Maine(6,10)",23021,75.8,61.7,92.9,21,stable,2.4,-24.6,39
"Sagadahoc County, Maine(6,10)",23023,66,55.9,77.7,31,stable,9.7,-15.1,41.6
"Somerset County, Maine(6,10)",23025,84.3,74.9,94.7,60,stable,4.8,-10,22.1
"Waldo County, Maine(6,10)",23027,83.6,72.6,96,44,stable,-4.6,-20,13.8
"Washington County, Maine(6,10)",23029,87.8,76.4,100.6,45,stable,-0.3,-14.7,16.5
"York County, Maine(6,10)",23031,71.7,67.1,76.5,187,stable,-1.9,-9,5.8
"Allegany County, Maryland(6,10)",24001,78.1,70.7,86.2,82,stable,-3.7,-11.3,4.5
"Anne Arundel County, Maryland(6,10)",24003,64.3,61.3,67.4,364,stable,-2.1,-6.5,2.5
"Baltimore County, Maryland(6,10)",24005,67.6,65.2,70,661,stable,-3,-7,1.1
"Calvert County, Maryland(6,10)",24009,64.7,57.1,73,57,stable,4.7,-2.2,12.2
"Caroline County, Maryland(6,10)",24011,75.1,63.1,88.8,28,stable,18.3,-6.6,49.7
"Carroll County, Maryland(6,10)",24013,61,56,66.3,117,stable,1.1,-4.9,7.6
"Cecil County, Maryland(6,10)",24015,79.2,71.7,87.3,85,stable,-5.5,-20.3,12.1
"Charles County, Maryland(6,10)",24017,55.4,49.6,61.5,74,stable,-1.5,-11.5,9.5
"Dorchester County, Maryland(6,10)",24019,73.1,62.4,85.3,34,stable,3.1,-11.8,20.6
"Frederick County, Maryland(6,10)",24021,52.7,48.5,57.2,124,stable,-6,-15.9,5
"Garrett County, Maryland(6,10)",24023,49.5,40.4,60.3,21,stable,-7.5,-37.3,36.3
"Harford County, Maryland(6,10)",24025,68.6,64.2,73.3,184,rising,3.9,2,5.9
"Howard County, Maryland(6,10)",24027,44.4,40.7,48.2,118,stable,3.1,-8.2,15.7
"Kent County, Maryland(6,10)",24029,61.1,49,75.7,20,stable,-4.5,-17.4,10.5
"Montgomery County, Maryland(6,10)",24031,35.4,33.8,37.1,371,falling,-5.5,-8.9,-1.9
"Prince Georges County, Maryland(6,10)",24033,46.6,44.4,48.9,361,falling,-4.4,-7.8,-1
"Queen Annes County, Maryland(6,10)",24035,63.9,55,73.9,39,stable,-3.8,-23.9,21.8
"St. Marys County, Maryland(6,10)",24037,68.8,61.5,76.7,68,stable,-3,-13.2,8.4
"Somerset County, Maryland(6,10)",24039,95.9,80.8,113.2,29,stable,-3.9,-29.7,31.5
"Talbot County, Maryland(6,10)",24041,51.1,43.6,59.8,34,stable,6.5,-6.6,21.4
"Washington County, Maryland(6,10)",24043,71.8,66.2,77.7,126,stable,0.2,-3.9,4.5
"Wicomico County, Maryland(6,10)",24045,79.4,72,87.4,87,falling,-4.8,-7.9,-1.5
"Worcester County, Maryland(6,10)",24047,70.2,62.5,78.9,63,stable,-1.3,-11,9.6
"Baltimore City, Maryland(6,10)",24510,80.9,77.7,84.1,512,stable,-1.7,-6.8,3.6
"Barnstable County, Massachusetts(6,10)",25001,60,56.6,63.6,247,stable,-1.2,-7.4,5.4
"Berkshire County, Massachusetts(6,10)",25003,70,64.7,75.6,135,stable,-4.5,-10.7,2.1
"Bristol County, Massachusetts(6,10)",25005,72.9,69.9,75.9,476,stable,-3.1,-9.2,3.3
"Dukes County, Massachusetts(6,10)",25007,53.7,41.1,69.4,13,stable,6.7,-22.3,46.4
"Essex County, Massachusetts(6,10)",25009,67.5,65,70,602,stable,-2.7,-7.9,2.7
"Franklin County, Massachusetts(6,10)",25011,52.1,45.7,59.3,50,stable,12.6,-0.1,27
"Hampden County, Massachusetts(6,10)",25013,67.8,64.7,71.1,368,stable,-2.6,-5.3,0.1
"Hampshire County, Massachusetts(6,10)",25015,52.5,47.7,57.8,90,stable,-6.5,-21.7,11.6
"Middlesex County, Massachusetts(6,10)",25017,61.8,60.1,63.5,1031,falling,-3.6,-5.7,-1.5
"Nantucket County, Massachusetts(6,10)",25019,52.8,35.1,76.5,6,stable,36,-1.5,87.7
"Norfolk County, Massachusetts(6,10)",25021,63,60.6,65.6,511,stable,-2.8,-7.3,1.9
"Plymouth County, Massachusetts(6,10)",25023,72.4,69.4,75.6,430,stable,-2.4,-6.9,2.3
"Suffolk County, Massachusetts(6,10)",25025,69.7,66.8,72.7,448,falling,-1.7,-3.1,-0.2
"Worcester County, Massachusetts(6,10)",25027,69.8,67.3,72.3,616,stable,-2.7,-5.7,0.4
"Adams County, Mississippi(6,10)",28001,69,58.2,81.5,29,stable,-0.8,-23.4,28.6
"Alcorn County, Mississippi(6,10)",28003,75.7,65,87.7,37,stable,-4.2,-17,10.7
"Amite County, Mississippi(6,10)",28005,56.9,42.8,74.8,11,stable,-18.5,-46.1,23.2
"Attala County, Mississippi(6,10)",28007,62.5,49.6,78,17,stable,-2.3,-14.1,11.1
"Benton County, Mississippi(6,10)",28009,61.8,43.2,86.6,7,stable,7.2,-14.1,33.7
"Bolivar County, Mississippi(6,10)",28011,76.2,63.6,90.5,27,stable,2.4,-9.4,15.6
"Calhoun County, Mississippi(6,10)",28013,88.1,70.1,109.5,17,stable,-11.5,-23.8,2.6
"Carroll County, Mississippi(6,10)",28015,72.3,54.2,95.3,11,stable,3.1,-22.3,36.7
"Chickasaw County, Mississippi(6,10)",28017,78.4,62.1,97.8,16,falling,-8.8,-16.5,-0.4
"Choctaw County, Mississippi(6,10)",28019,44.4,29.1,66.1,5,stable,-8.2,-54,83
"Claiborne County, Mississippi(6,10)",28021,93.3,68.4,124.6,10,stable,3.5,-15.7,27
"Clarke County, Mississippi(6,10)",28023,75,59.6,93.6,17,stable,-9.2,-40.6,38.9
"Clay County, Mississippi(6,10)",28025,78.5,63.6,96,20,stable,-14.1,-26.8,1
"Coahoma County, Mississippi(6,10)",28027,76.3,62.1,92.9,21,stable,2.3,-16.7,25.6
"Copiah County, Mississippi(6,10)",28029,86.2,72.7,101.6,30,stable,-0.1,-13.8,15.6
"Covington County, Mississippi(6,10)",28031,78,63,95.7,19,stable,-0.6,-16.3,17.9
"DeSoto County, Mississippi(6,10)",28033,78.4,72.1,85.2,118,stable,2.9,-12,20.3
"Forrest County, Mississippi(6,10)",28035,84.2,75,94.3,61,stable,0.4,-10.5,12.5
"Franklin County, Mississippi(6,10)",28037,49.9,32.9,73.7,5,stable,1.4,-21.4,30.7
"George County, Mississippi(6,10)",28039,74.7,60.1,91.8,19,stable,-0.5,-8,7.7
"Greene County, Mississippi(6,10)",28041,46.1,31.4,65.3,7,stable,13.5,-27,76.6
"Grenada County, Mississippi(6,10)",28043,93.4,77.5,111.8,25,stable,-0.8,-9.1,8.2
"Hancock County, Mississippi(6,10)",28045,72.8,63,83.7,41,stable,-1,-28.3,36.7
"Harrison County, Mississippi(6,10)",28047,89.5,83.7,95.7,179,stable,2.1,-10.7,16.6
"Hinds County, Mississippi(6,10)",28049,75.4,70.5,80.6,178,stable,1.1,-5.2,7.8
"Holmes County, Mississippi(6,10)",28051,95,76.7,116.5,19,stable,-4.6,-30.4,30.8
"Humphreys County, Mississippi(6,10)",28053,72.3,50.3,100.8,7,stable,-19.9,-35.9,0.1
"Itawamba County, Mississippi(6,10)",28057,95.6,80.4,113.1,28,stable,-5.5,-22.2,14.7
"Jackson County, Mississippi(6,10)",28059,75.8,69.6,82.4,116,falling,-6.9,-11.1,-2.5
"Jasper County, Mississippi(6,10)",28061,78.7,62.9,97.6,18,stable,-1.1,-21.7,25
"Jefferson County, Mississippi(6,10)",28063,77.7,53.2,110,7,stable,-10.8,-37.3,26.9
"Jefferson Davis County, Mississippi(6,10)",28065,68.6,52.1,89.4,12,stable,-5.1,-35.6,40.1
"Jones County, Mississippi(6,10)",28067,62.9,55.3,71.3,50,stable,1.8,-14.4,20.9
"Kemper County, Mississippi(6,10)",28069,57,40.3,78.8,8,stable,7.4,-22.7,49.3
"Lafayette County, Mississippi(6,10)",28071,63.6,53.3,75.3,28,stable,3,-11.2,19.5
"Lamar County, Mississippi(6,10)",28073,62.7,53.4,73.2,33,stable,-6,-19.4,9.5
"Lauderdale County, Mississippi(6,10)",28075,70.4,62.9,78.6,65,stable,2.5,-2.8,8.1
"Lawrence County, Mississippi(6,10)",28077,106,84.1,132.2,17,stable,0.1,-22.9,30
"Leake County, Mississippi(6,10)",28079,75,60.8,91.7,20,stable,15.8,-3.3,38.6
"Lee County, Mississippi(6,10)",28081,91.3,82.6,100.6,83,stable,-1,-6.7,5.1
"Leflore County, Mississippi(6,10)",28083,82.3,68.5,98,26,stable,3.8,-17,29.9
"Lincoln County, Mississippi(6,10)",28085,68.5,57.5,81,28,stable,-4.3,-29.4,29.7
"Lowndes County, Mississippi(6,10)",28087,70.2,61.3,80.1,45,stable,-5.6,-20.4,11.9
"Madison County, Mississippi(6,10)",28089,70.9,63.1,79.4,64,stable,-5.3,-13.3,3.4
"Marion County, Mississippi(6,10)",28091,81.8,68.4,97.2,27,falling,-5.2,-8.9,-1.4
"Marshall County, Mississippi(6,10)",28093,80.6,68.8,94,34,stable,1.4,-5.1,8.4
"Monroe County, Mississippi(6,10)",28095,81.6,70.3,94.3,38,stable,-8.4,-28.1,16.6
"Montgomery County, Mississippi(6,10)",28097,65.6,48.2,87.9,10,stable,-1.5,-31.6,42
"Neshoba County, Mississippi(6,10)",28099,59.2,47.9,72.5,19,stable,-1.5,-19.6,20.5
"Newton County, Mississippi(6,10)",28101,68.2,54.7,84.3,18,stable,-13.4,-36.9,18.9
"Noxubee County, Mississippi(6,10)",28103,57.8,40.7,79.8,8,stable,0,-32.5,48.1
"Oktibbeha County, Mississippi(6,10)",28105,51.9,42.2,63.2,20,stable,-4.7,-23.7,19
"Panola County, Mississippi(6,10)",28107,75.2,63.2,88.9,29,stable,0.1,-23.1,30.3
"Pearl River County, Mississippi(6,10)",28109,89,79,100,60,stable,-5.1,-12,2.2
"Perry County, Mississippi(6,10)",28111,81.6,62.2,105.6,12,stable,-11.1,-23.9,3.9
"Pike County, Mississippi(6,10)",28113,78.4,67.5,90.6,38,stable,0.7,-10,12.8
"Pontotoc County, Mississippi(6,10)",28115,80.5,67.3,95.6,27,stable,-1.1,-23,26.9
"Prentiss County, Mississippi(6,10)",28117,82.4,68.7,98.3,26,stable,-8.7,-21.3,6
"Quitman County, Mississippi(6,10)",28119,75.1,52.6,104.6,7,stable,-10.3,-32.9,20
"Rankin County, Mississippi(6,10)",28121,76.4,70,83.2,111,stable,-2.5,-12.3,8.5
"Scott County, Mississippi(6,10)",28123,87.3,73,103.6,27,stable,-1,-11.2,10.4
"Simpson County, Mississippi(6,10)",28127,85.9,72,101.7,28,stable,11.8,-3.4,29.3
"Smith County, Mississippi(6,10)",28129,61.9,47.7,79.3,13,stable,-10.6,-34.5,22
"Stone County, Mississippi(6,10)",28131,82.2,64.8,103,16,falling,-13.1,-24,-0.6
"Sunflower County, Mississippi(6,10)",28133,65,51.9,80.3,18,stable,-3.2,-24.4,23.9
"Tallahatchie County, Mississippi(6,10)",28135,81.1,62.3,103.8,13,stable,10.2,-14.9,42.7
"Tate County, Mississippi(6,10)",28137,87.8,73.2,104.4,27,stable,6.3,-8.3,23.3
"Tippah County, Mississippi(6,10)",28139,71.8,57.9,88.1,19,stable,4.3,-9.9,20.8
"Tishomingo County, Mississippi(6,10)",28141,78.4,64.4,95,22,stable,1.3,-21.8,31.3
"Tunica County, Mississippi(6,10)",28143,84.2,59.2,115.8,8,stable,0,-9.9,11
"Union County, Mississippi(6,10)",28145,72.4,59.7,87.1,23,stable,-5.1,-18,9.7
"Walthall County, Mississippi(6,10)",28147,50.8,37.6,67.5,10,stable,-8,-30.5,21.7
"Warren County, Mississippi(6,10)",28149,73.7,63.8,84.8,41,stable,-8.6,-24,9.9
"Washington County, Mississippi(6,10)",28151,75.8,65.7,87.1,42,rising,13.7,3.7,24.8
"Wayne County, Mississippi(6,10)",28153,61.2,48,77,15,stable,-4,-28.3,28.3
"Webster County, Mississippi(6,10)",28155,90.6,68.8,117.7,12,stable,-8.7,-26.3,13.1
"Wilkinson County, Mississippi(6,10)",28157,60.5,42,84.8,7,stable,11,-21.6,57.2
"Winston County, Mississippi(6,10)",28159,83.9,68.4,102.1,21,stable,-7.9,-24,11.6
"Yalobusha County, Mississippi(6,10)",28161,114.7,93.2,140.2,20,stable,2,-19.4,29
"Yazoo County, Mississippi(6,10)",28163,95.3,79.8,113,27,stable,12,-3.1,29.5
"Adair County, Missouri(6,10)",29001,57.8,45.3,72.7,15,stable,-3.2,-16.9,12.7
"Andrew County, Missouri(6,10)",29003,50.5,38,66.2,11,stable,3.1,-10.2,18.4
"Atchison County, Missouri(6,10)",29005,71,48.6,102.4,7,stable,-3.8,-34.8,41.9
"Audrain County, Missouri(6,10)",29007,90.1,75.8,106.5,29,stable,2.8,-18,29.1
"Barry County, Missouri(6,10)",29009,77.4,66.7,89.4,39,rising,2.9,0.6,5.2
"Barton County, Missouri(6,10)",29011,67.2,50.7,87.9,12,rising,14.8,9.3,20.6
"Bates County, Missouri(6,10)",29013,80.8,65.3,99.3,19,stable,-7,-33.3,29.5
"Benton County, Missouri(6,10)",29015,89.1,75.5,105.3,33,stable,8.4,-24.9,56.6
"Bollinger County, Missouri(6,10)",29017,96.4,76.2,120.9,16,stable,2,-11.2,17.2
"Boone County, Missouri(6,10)",29019,63.4,57.4,69.8,86,falling,-7.1,-12.6,-1.2
"Buchanan County, Missouri(6,10)",29021,86.8,78.8,95.4,88,stable,0.6,-6.4,8.1
"Butler County, Missouri(6,10)",29023,95.7,84.7,107.8,56,stable,-3.2,-17.1,13
"Caldwell County, Missouri(6,10)",29025,89.3,67.1,117.1,11,stable,3.9,-24.8,43.5
"Callaway County, Missouri(6,10)",29027,79.4,68.4,91.8,39,stable,-4.3,-9.6,1.4
"Camden County, Missouri(6,10)",29029,68.6,60,78.3,51,stable,-0.2,-18.2,21.6
"Cape Girardeau County, Missouri(6,10)",29031,70.1,62.4,78.5,62,stable,-0.3,-13.7,15.1
"Carroll County, Missouri(6,10)",29033,94.6,72.8,121.9,13,stable,-2.6,-18.6,16.6
"Carter County, Missouri(6,10)",29035,110,79.5,149.1,9,stable,6.7,-38,83.6
"Cass County, Missouri(6,10)",29037,70.1,63.4,77.4,81,stable,4.9,-5.7,16.8
"Cedar County, Missouri(6,10)",29039,78.3,62,98.1,17,stable,-6.8,-32.5,28.7
"Chariton County, Missouri(6,10)",29041,67.7,48.1,93.9,8,stable,-8.8,-46.6,56
"Christian County, Missouri(6,10)",29043,63,55.5,71.2,53,stable,-2.2,-9.4,5.6
"Clark County, Missouri(6,10)",29045,95.2,69.7,128.1,9,stable,-5.7,-26.5,21.1
"Clay County, Missouri(6,10)",29047,79,73.8,84.6,173,stable,-0.2,-15.6,17.9
"Clinton County, Missouri(6,10)",29049,83.5,68.5,100.9,22,stable,7.5,-24.3,52.6
"Cole County, Missouri(6,10)",29051,64,56.4,72.4,53,stable,2.9,-7.4,14.3
"Cooper County, Missouri(6,10)",29053,69,54.2,87,15,stable,-2.8,-16,12.3
"Crawford County, Missouri(6,10)",29055,93.1,78.6,109.7,30,stable,2.8,-18.3,29.4
"Dade County, Missouri(6,10)",29057,83.3,61.2,112.1,10,stable,1.2,-10.2,14.1
"Dallas County, Missouri(6,10)",29059,79.2,63.5,98.1,18,stable,-17,-38.1,11.3
"Daviess County, Missouri(6,10)",29061,75,54,102.4,9,stable,7.2,-30.4,65.2
"DeKalb County, Missouri(6,10)",29063,39.5,26.8,56.7,6,stable,-9,-52.3,73.8
"Dent County, Missouri(6,10)",29065,74.4,59.5,92.5,17,stable,-13,-35.9,18
"Douglas County, Missouri(6,10)",29067,51.9,38.7,68.9,11,stable,-2,-28.4,34
"Dunklin County, Missouri(6,10)",29069,100.1,86.8,115.1,41,stable,6.8,-7.3,23.1
"Franklin County, Missouri(6,10)",29071,76.9,69.9,84.4,92,stable,1.3,-11.3,15.7
"Gasconade County, Missouri(6,10)",29073,64,50.2,81.1,15,falling,-11,-17.9,-3.4
"Gentry County, Missouri(6,10)",29075,66.3,44.9,95.6,7,stable,-21.5,-50.8,25.5
"Greene County, Missouri(6,10)",29077,69.8,65.7,74.1,220,stable,-6.3,-14.3,2.4
"Grundy County, Missouri(6,10)",29079,71.9,54.2,94.5,11,stable,-10.5,-28.2,11.5
"Harrison County, Missouri(6,10)",29081,79.6,59,106,11,stable,-2.3,-36.5,50.3
"Henry County, Missouri(6,10)",29083,100.3,85.2,117.6,33,stable,-4.1,-17.8,11.8
"Hickory County, Missouri(6,10)",29085,73.4,57.5,94.5,16,stable,-0.9,-14.1,14.5
"Holt County, Missouri(6,10)",29087,68.3,43.8,103.9,5,stable,-7.5,-35.8,33.2
"Howard County, Missouri(6,10)",29089,54.6,38,76.5,7,rising,10.4,1.1,20.6
"Howell County, Missouri(6,10)",29091,81.4,70.8,93.2,44,stable,-5,-14.5,5.5
"Iron County, Missouri(6,10)",29093,103.3,81.7,129.7,16,stable,8.1,-27,59.9
"Jackson County, Missouri(6,10)",29095,75.3,72.4,78.2,542,stable,-2.1,-5.1,1.1
"Jasper County, Missouri(6,10)",29097,85.8,78.7,93.4,109,stable,6.6,-13.7,31.6
"Jefferson County, Missouri(6,10)",29099,85.9,80.5,91.7,195,stable,-6,-11.8,0.1
"Johnson County, Missouri(6,10)",29101,66.1,56.2,77.2,33,stable,0,-13.2,15.2
"Knox County, Missouri(6,10)",29103,92.7,61.9,136.1,6,stable,-2.9,-22,20.9
"Laclede County, Missouri(6,10)",29105,76.5,65.4,89.1,35,stable,7.1,-4.7,20.3
"Lafayette County, Missouri(6,10)",29107,73.9,62.8,86.6,32,stable,4,-6.7,15.8
"Lawrence County, Missouri(6,10)",29109,66.5,56.7,77.6,34,stable,-2.3,-15.6,13
"Lewis County, Missouri(6,10)",29111,79.9,60,105.1,11,rising,15.5,5.9,25.9
"Lincoln County, Missouri(6,10)",29113,87.7,76.4,100.2,45,stable,2.3,-24.9,39.3
"Linn County, Missouri(6,10)",29115,91.5,73.1,113.9,17,stable,3,-12,20.5
"Livingston County, Missouri(6,10)",29117,86.8,69.3,107.7,18,stable,-9.3,-30.5,18.2
"McDonald County, Missouri(6,10)",29119,77.8,62.7,95.6,19,stable,0.6,-27.2,39.1
"Macon County, Missouri(6,10)",29121,41.9,31.1,55.9,10,rising,11.9,5.2,19
"Madison County, Missouri(6,10)",29123,106.8,86.1,131.6,19,stable,9.1,-4.8,25
"Maries County, Missouri(6,10)",29125,60.4,43,83.6,8,stable,14.9,-6.7,41.6
"Marion County, Missouri(6,10)",29127,87.9,74.7,102.8,33,stable,-4.3,-11.1,3
"Mercer County, Missouri(6,10)",29129,114.1,78.1,163.9,7,stable,-19.5,-48.9,27
"Miller County, Missouri(6,10)",29131,88.8,74.5,105.2,28,stable,-6.6,-29.9,24.6
"Mississippi County, Missouri(6,10)",29133,100,80,123.8,18,stable,-4.4,-26.9,25.1
"Moniteau County, Missouri(6,10)",29135,54.6,40.2,72.8,10,stable,-0.6,-30.3,42
"Monroe County, Missouri(6,10)",29137,77.2,56.8,103.4,10,stable,10.1,-28.7,70.1
"Montgomery County, Missouri(6,10)",29139,83,64.6,105.6,14,stable,-1.3,-13.6,12.7
"Morgan County, Missouri(6,10)",29141,85,71.4,100.9,29,stable,3.2,-28.7,49.3
"New Madrid County, Missouri(6,10)",29143,112.7,94.5,133.8,28,stable,0.4,-2.9,3.9
"Newton County, Missouri(6,10)",29145,57.8,50.1,66.4,42,stable,2.1,-26.3,41.5
"Nodaway County, Missouri(6,10)",29147,73.5,58.8,90.8,18,stable,-3.3,-15.3,10.3
"Oregon County, Missouri(6,10)",29149,65.2,49.3,85.6,12,stable,0.1,-21.4,27.3
"Osage County, Missouri(6,10)",29151,59.6,44.3,78.8,10,stable,-15,-40.6,21.5
"Ozark County, Missouri(6,10)",29153,78.9,61.1,101.7,14,stable,5,-10.1,22.5
"Pemiscot County, Missouri(6,10)",29155,88.6,71.4,108.7,19,stable,0.9,-17.2,22.9
"Perry County, Missouri(6,10)",29157,75.1,60.2,92.7,18,stable,-4.2,-26.6,25
"Pettis County, Missouri(6,10)",29159,71.2,61,82.7,35,stable,2.9,-15.7,25.7
"Phelps County, Missouri(6,10)",29161,71.7,61.5,83.2,36,stable,3.1,-8.7,16.5
"Pike County, Missouri(6,10)",29163,94.3,77.3,114,22,stable,-0.6,-17.9,20.2
"Platte County, Missouri(6,10)",29165,59.8,52.7,67.5,56,stable,-2.6,-17.7,15.2
"Polk County, Missouri(6,10)",29167,66,55,78.7,26,stable,-4.3,-15.8,8.8
"Pulaski County, Missouri(6,10)",29169,103.4,88.4,120,35,stable,-0.8,-14,14.4
"Putnam County, Missouri(6,10)",29171,92.9,65,131.2,7,stable,2.1,-32.3,53.9
"Ralls County, Missouri(6,10)",29173,67,48.7,90.7,9,stable,27.6,-11.5,84
"Randolph County, Missouri(6,10)",29175,84.8,70.4,101.3,25,stable,3.7,-9.8,19.1
"Ray County, Missouri(6,10)",29177,92.8,77.5,110.4,27,stable,-1.9,-13.8,11.8
"Reynolds County, Missouri(6,10)",29179,68.4,47.7,96.9,7,stable,11.7,-13.6,44.4
"Ripley County, Missouri(6,10)",29181,95,77,116.5,20,stable,9.8,-20.2,50.9
"St. Charles County, Missouri(6,10)",29183,73.7,69.8,77.9,264,stable,-1.5,-6.9,4.2
"St. Clair County, Missouri(6,10)",29185,73.6,56.2,96.1,13,falling,-16.7,-25.2,-7.3
"Ste. Genevieve County, Missouri(6,10)",29186,53.6,41.3,68.8,13,stable,-5.5,-25.1,19.1
"St. Francois County, Missouri(6,10)",29187,106.8,96.7,117.8,82,stable,0,-7.8,8.3
"St. Louis County, Missouri(6,10)",29189,69,66.9,71.1,854,stable,-1.3,-3.4,0.9
"Saline County, Missouri(6,10)",29195,74.3,60.8,90,22,stable,4.5,-17.8,32.9
"Schuyler County, Missouri(6,10)",29197,64.2,38.7,102,4,stable,5.9,-44.8,103
"Scotland County, Missouri(6,10)",29199,58,34.6,92.8,4,stable,1.8,-22.8,34.3
"Scott County, Missouri(6,10)",29201,99,86.8,112.6,49,stable,3.8,-7.5,16.5
"Shannon County, Missouri(6,10)",29203,70.3,49.9,97.2,9,stable,6.3,-12,28.4
"Shelby County, Missouri(6,10)",29205,71.9,48.7,103.6,7,stable,-1.6,-20.9,22.6
"Stoddard County, Missouri(6,10)",29207,93.4,80.6,107.9,39,stable,1.2,-6.1,9.1
"Stone County, Missouri(6,10)",29209,66.5,57.1,77.5,39,stable,-0.4,-19.1,22.7
"Sullivan County, Missouri(6,10)",29211,88.6,62.9,122.2,8,stable,0.9,-16.8,22.4
"Taney County, Missouri(6,10)",29213,80.6,71.4,90.7,58,stable,-6.8,-15.6,2.9
"Texas County, Missouri(6,10)",29215,71,59.3,84.6,26,stable,-9.8,-33.3,21.9
"Vernon County, Missouri(6,10)",29217,75.9,62.1,92.2,21,rising,20.4,12.8,28.6
"Warren County, Missouri(6,10)",29219,76,64.2,89.4,30,stable,-6.4,-24.3,15.7
"Washington County, Missouri(6,10)",29221,93,78,110.2,28,stable,-6.2,-23.5,15
"Wayne County, Missouri(6,10)",29223,114.9,95.3,138.1,25,stable,-3.3,-15.5,10.6
"Webster County, Missouri(6,10)",29225,73.9,62.4,87,30,stable,-6,-25.7,19
